country_region_code,country_region,sub_region_1,sub_region_2,metro_area,iso_3166_2_code,census_fips_code,place_id,date,retail_and_recreation_percent_change_from_baseline,grocery_and_pharmacy_percent_change_from_baseline,parks_percent_change_from_baseline,transit_stations_percent_change_from_baseline,workplaces_percent_change_from_baseline,residential_percent_change_from_baseline,source_url,etl_timestamp
IN,India,Delhi,Central Delhi,,,,ChIJiT9nOFj9DDkRkoyq8FS5wxo,2021-05-15,-83,-69,-81,-80,-68,23,https://www.gstatic.com/covid19/mobility/Global_Mobility_Report.csv,2023-07-10 00:07:58.145154+00:00
IN,India,Delhi,Central Delhi,,,,ChIJiT9nOFj9DDkRkoyq8FS5wxo,2021-05-16,-84,-68,-81,-77,-54,18,https://www.gstatic.com/covid19/mobility/Global_Mobility_Report.csv,2023-07-10 00:07:58.145154+00:00
IN,India,Delhi,Central Delhi,,,,ChIJiT9nOFj9DDkRkoyq8FS5wxo,2021-05-17,-80,-64,-76,-79,-67,23,https://www.gstatic.com/covid19/mobility/Global_Mobility_Report.csv,2023-07-10 00:07:58.145154+00:00
IN,India,Delhi,Central Delhi,,,,ChIJiT9nOFj9DDkRkoyq8FS5wxo,2021-05-18,-82,-66,-79,-78,-70,24,https://www.gstatic.com/covid19/mobility/Global_Mobility_Report.csv,2023-07-10 00:07:58.145154+00:00
IN,India,Delhi,Central Delhi,,,,ChIJiT9nOFj9DDkRkoyq8FS5wxo,2021-05-19,-87,-79,-84,-81,-72,27,https://www.gstatic.com/covid19/mobility/Global_Mobility_Report.csv,2023-07-10 00:07:58.145154+00:00
IN,India,Delhi,Central Delhi,,,,ChIJiT9nOFj9DDkRkoyq8FS5wxo,2021-05-20,-79,-61,-79,-79,-68,24,https://www.gstatic.com/covid19/mobility/Global_Mobility_Report.csv,2023-07-10 00:07:58.145154+00:00
IN,India,Delhi,Central Delhi,,,,ChIJiT9nOFj9DDkRkoyq8FS5wxo,2021-05-21,-80,-64,-81,-79,-69,25,https://www.gstatic.com/covid19/mobility/Global_Mobility_Report.csv,2023-07-10 00:07:58.145154+00:00
IN,India,Delhi,Central Delhi,,,,ChIJiT9nOFj9DDkRkoyq8FS5wxo,2021-05-22,-81,-67,-82,-80,-64,23,https://www.gstatic.com/covid19/mobility/Global_Mobility_Report.csv,2023-07-10 00:07:58.145154+00:00
IN,India,Delhi,Central Delhi,,,,ChIJiT9nOFj9DDkRkoyq8FS5wxo,2021-05-23,-82,-66,-81,-77,-52,17,https://www.gstatic.com/covid19/mobility/Global_Mobility_Report.csv,2023-07-10 00:07:58.145154+00:00
IN,India,Delhi,Central Delhi,,,,ChIJiT9nOFj9DDkRkoyq8FS5wxo,2021-05-24,-77,-62,-77,-78,-65,22,https://www.gstatic.com/covid19/mobility/Global_Mobility_Report.csv,2023-07-10 00:07:58.145154+00:00
IN,India,Delhi,Central Delhi,,,,ChIJiT9nOFj9DDkRkoyq8FS5wxo,2021-05-25,-79,-64,-79,-77,-67,24,https://www.gstatic.com/covid19/mobility/Global_Mobility_Report.csv,2023-07-10 00:07:58.145154+00:00
IN,India,Delhi,Central Delhi,,,,ChIJiT9nOFj9DDkRkoyq8FS5wxo,2021-05-26,-79,-65,-78,-78,-71,25,https://www.gstatic.com/covid19/mobility/Global_Mobility_Report.csv,2023-07-10 00:07:58.145154+00:00
IN,India,Delhi,Central Delhi,,,,ChIJiT9nOFj9DDkRkoyq8FS5wxo,2021-05-27,-77,-63,-78,-77,-66,23,https://www.gstatic.com/covid19/mobility/Global_Mobility_Report.csv,2023-07-10 00:07:58.145154+00:00
IN,India,Delhi,Central Delhi,,,,ChIJiT9nOFj9DDkRkoyq8FS5wxo,2021-05-28,-77,-62,-79,-77,-66,23,https://www.gstatic.com/covid19/mobility/Global_Mobility_Report.csv,2023-07-10 00:07:58.145154+00:00
IN,India,Delhi,Central Delhi,,,,ChIJiT9nOFj9DDkRkoyq8FS5wxo,2021-05-29,-78,-64,-80,-77,-62,21,https://www.gstatic.com/covid19/mobility/Global_Mobility_Report.csv,2023-07-10 00:07:58.145154+00:00
IN,India,Delhi,Central Delhi,,,,ChIJiT9nOFj9DDkRkoyq8FS5wxo,2021-05-30,-79,-63,-80,-73,-53,16,https://www.gstatic.com/covid19/mobility/Global_Mobility_Report.csv,2023-07-10 00:07:58.145154+00:00
IN,India,Delhi,Central Delhi,,,,ChIJiT9nOFj9DDkRkoyq8FS5wxo,2021-05-31,-72,-56,-74,-73,-60,20,https://www.gstatic.com/covid19/mobility/Global_Mobility_Report.csv,2023-07-10 00:07:58.145154+00:00
IN,India,Delhi,Central Delhi,,,,ChIJiT9nOFj9DDkRkoyq8FS5wxo,2021-06-01,-72,-57,-75,-71,-62,20,https://www.gstatic.com/covid19/mobility/Global_Mobility_Report.csv,2023-07-10 00:07:58.145154+00:00
IN,India,Delhi,Central Delhi,,,,ChIJiT9nOFj9DDkRkoyq8FS5wxo,2021-06-02,-71,-55,-73,-70,-60,20,https://www.gstatic.com/covid19/mobility/Global_Mobility_Report.csv,2023-07-10 00:07:58.145154+00:00
IN,India,Delhi,Central Delhi,,,,ChIJiT9nOFj9DDkRkoyq8FS5wxo,2021-06-03,-72,-56,-73,-71,-60,20,https://www.gstatic.com/covid19/mobility/Global_Mobility_Report.csv,2023-07-10 00:07:58.145154+00:00
IN,India,Delhi,Central Delhi,,,,ChIJiT9nOFj9DDkRkoyq8FS5wxo,2021-06-04,-73,-58,-75,-71,-59,21,https://www.gstatic.com/covid19/mobility/Global_Mobility_Report.csv,2023-07-10 00:07:58.145154+00:00
IN,India,Delhi,Central Delhi,,,,ChIJiT9nOFj9DDkRkoyq8FS5wxo,2021-06-05,-73,-57,-76,-70,-55,18,https://www.gstatic.com/covid19/mobility/Global_Mobility_Report.csv,2023-07-10 00:07:58.145154+00:00
IN,India,Delhi,Central Delhi,,,,ChIJiT9nOFj9DDkRkoyq8FS5wxo,2021-06-06,-75,-58,-75,-68,-47,14,https://www.gstatic.com/covid19/mobility/Global_Mobility_Report.csv,2023-07-10 00:07:58.145154+00:00
IN,India,Delhi,Central Delhi,,,,ChIJiT9nOFj9DDkRkoyq8FS5wxo,2021-06-07,-51,-25,-63,-59,-45,14,https://www.gstatic.com/covid19/mobility/Global_Mobility_Report.csv,2023-07-10 00:07:58.145154+00:00
IN,India,Delhi,Central Delhi,,,,ChIJiT9nOFj9DDkRkoyq8FS5wxo,2021-06-08,-51,-23,-65,-56,-47,14,https://www.gstatic.com/covid19/mobility/Global_Mobility_Report.csv,2023-07-10 00:07:58.145154+00:00
IN,India,Delhi,Central Delhi,,,,ChIJiT9nOFj9DDkRkoyq8FS5wxo,2021-06-09,-48,-21,-63,-53,-46,14,https://www.gstatic.com/covid19/mobility/Global_Mobility_Report.csv,2023-07-10 00:07:58.145154+00:00
IN,India,Delhi,Central Delhi,,,,ChIJiT9nOFj9DDkRkoyq8FS5wxo,2021-06-10,-50,-21,-63,-53,-45,14,https://www.gstatic.com/covid19/mobility/Global_Mobility_Report.csv,2023-07-10 00:07:58.145154+00:00
IN,India,Delhi,Central Delhi,,,,ChIJiT9nOFj9DDkRkoyq8FS5wxo,2021-06-11,-46,-17,-63,-51,-43,14,https://www.gstatic.com/covid19/mobility/Global_Mobility_Report.csv,2023-07-10 00:07:58.145154+00:00
IN,India,Delhi,Central Delhi,,,,ChIJiT9nOFj9DDkRkoyq8FS5wxo,2021-06-12,-48,-17,-65,-52,-41,12,https://www.gstatic.com/covid19/mobility/Global_Mobility_Report.csv,2023-07-10 00:07:58.145154+00:00
IN,India,Delhi,Central Delhi,,,,ChIJiT9nOFj9DDkRkoyq8FS5wxo,2021-06-13,-54,-24,-66,-51,-34,9,https://www.gstatic.com/covid19/mobility/Global_Mobility_Report.csv,2023-07-10 00:07:58.145154+00:00
IN,India,Delhi,Central Delhi,,,,ChIJiT9nOFj9DDkRkoyq8FS5wxo,2021-06-14,-43,-15,-58,-48,-42,11,https://www.gstatic.com/covid19/mobility/Global_Mobility_Report.csv,2023-07-10 00:07:58.145154+00:00
IN,India,Delhi,Central Delhi,,,,ChIJiT9nOFj9DDkRkoyq8FS5wxo,2021-06-15,-41,-10,-59,-46,-42,11,https://www.gstatic.com/covid19/mobility/Global_Mobility_Report.csv,2023-07-10 00:07:58.145154+00:00
IN,India,Delhi,Central Delhi,,,,ChIJiT9nOFj9DDkRkoyq8FS5wxo,2021-06-16,-39,-10,-55,-42,-42,10,https://www.gstatic.com/covid19/mobility/Global_Mobility_Report.csv,2023-07-10 00:07:58.145154+00:00
IN,India,Delhi,Central Delhi,,,,ChIJiT9nOFj9DDkRkoyq8FS5wxo,2021-06-17,-40,-11,-55,-44,-42,11,https://www.gstatic.com/covid19/mobility/Global_Mobility_Report.csv,2023-07-10 00:07:58.145154+00:00
IN,India,Delhi,Central Delhi,,,,ChIJiT9nOFj9DDkRkoyq8FS5wxo,2021-06-18,-40,-10,-56,-44,-41,11,https://www.gstatic.com/covid19/mobility/Global_Mobility_Report.csv,2023-07-10 00:07:58.145154+00:00
IN,India,Delhi,Central Delhi,,,,ChIJiT9nOFj9DDkRkoyq8FS5wxo,2021-06-19,-41,-10,-59,-42,-36,9,https://www.gstatic.com/covid19/mobility/Global_Mobility_Report.csv,2023-07-10 00:07:58.145154+00:00
IN,India,Delhi,Central Delhi,,,,ChIJiT9nOFj9DDkRkoyq8FS5wxo,2021-06-20,-48,-16,-61,-45,-33,6,https://www.gstatic.com/covid19/mobility/Global_Mobility_Report.csv,2023-07-10 00:07:58.145154+00:00
IN,India,Delhi,Central Delhi,,,,ChIJiT9nOFj9DDkRkoyq8FS5wxo,2021-06-21,-41,-14,-51,-45,-44,10,https://www.gstatic.com/covid19/mobility/Global_Mobility_Report.csv,2023-07-10 00:07:58.145154+00:00
IN,India,Delhi,Central Delhi,,,,ChIJiT9nOFj9DDkRkoyq8FS5wxo,2021-06-22,-38,-7,-54,-42,-43,10,https://www.gstatic.com/covid19/mobility/Global_Mobility_Report.csv,2023-07-10 00:07:58.145154+00:00
IN,India,Delhi,Central Delhi,,,,ChIJiT9nOFj9DDkRkoyq8FS5wxo,2021-06-23,-38,-9,-50,-39,-42,10,https://www.gstatic.com/covid19/mobility/Global_Mobility_Report.csv,2023-07-10 00:07:58.145154+00:00
IN,India,Delhi,Central Delhi,,,,ChIJiT9nOFj9DDkRkoyq8FS5wxo,2021-06-24,-38,-8,-51,-41,-41,10,https://www.gstatic.com/covid19/mobility/Global_Mobility_Report.csv,2023-07-10 00:07:58.145154+00:00
IN,India,Delhi,Central Delhi,,,,ChIJiT9nOFj9DDkRkoyq8FS5wxo,2021-06-25,-37,-8,-52,-39,-40,10,https://www.gstatic.com/covid19/mobility/Global_Mobility_Report.csv,2023-07-10 00:07:58.145154+00:00
IN,India,Delhi,Central Delhi,,,,ChIJiT9nOFj9DDkRkoyq8FS5wxo,2021-06-26,-39,-7,-56,-39,-36,9,https://www.gstatic.com/covid19/mobility/Global_Mobility_Report.csv,2023-07-10 00:07:58.145154+00:00
IN,India,Delhi,Central Delhi,,,,ChIJiT9nOFj9DDkRkoyq8FS5wxo,2021-06-27,-45,-11,-57,-41,-30,7,https://www.gstatic.com/covid19/mobility/Global_Mobility_Report.csv,2023-07-10 00:07:58.145154+00:00
IN,India,Delhi,Central Delhi,,,,ChIJiT9nOFj9DDkRkoyq8FS5wxo,2021-06-28,-37,-8,-46,-40,-42,9,https://www.gstatic.com/covid19/mobility/Global_Mobility_Report.csv,2023-07-10 00:07:58.145154+00:00
IN,India,Delhi,Central Delhi,,,,ChIJiT9nOFj9DDkRkoyq8FS5wxo,2021-06-29,-37,-7,-53,-38,-42,9,https://www.gstatic.com/covid19/mobility/Global_Mobility_Report.csv,2023-07-10 00:07:58.145154+00:00
IN,India,Delhi,Central Delhi,,,,ChIJiT9nOFj9DDkRkoyq8FS5wxo,2021-06-30,-37,-8,-51,-37,-41,8,https://www.gstatic.com/covid19/mobility/Global_Mobility_Report.csv,2023-07-10 00:07:58.145154+00:00
IN,India,Delhi,Central Delhi,,,,ChIJiT9nOFj9DDkRkoyq8FS5wxo,2021-07-01,-36,-8,-49,-36,-39,9,https://www.gstatic.com/covid19/mobility/Global_Mobility_Report.csv,2023-07-10 00:07:58.145154+00:00
IN,India,Delhi,Central Delhi,,,,ChIJiT9nOFj9DDkRkoyq8FS5wxo,2021-07-02,-38,-11,-52,-34,-39,10,https://www.gstatic.com/covid19/mobility/Global_Mobility_Report.csv,2023-07-10 00:07:58.145154+00:00
IN,India,Delhi,Central Delhi,,,,ChIJiT9nOFj9DDkRkoyq8FS5wxo,2021-07-03,-35,-3,-54,-32,-33,8,https://www.gstatic.com/covid19/mobility/Global_Mobility_Report.csv,2023-07-10 00:07:58.145154+00:00
IN,India,Delhi,Central Delhi,,,,ChIJiT9nOFj9DDkRkoyq8FS5wxo,2021-07-04,-41,-5,-55,-32,-29,6,https://www.gstatic.com/covid19/mobility/Global_Mobility_Report.csv,2023-07-10 00:07:58.145154+00:00
IN,India,Delhi,Central Delhi,,,,ChIJiT9nOFj9DDkRkoyq8FS5wxo,2021-07-05,-33,-4,-43,-33,-39,8,https://www.gstatic.com/covid19/mobility/Global_Mobility_Report.csv,2023-07-10 00:07:58.145154+00:00
IN,India,Delhi,Central Delhi,,,,ChIJiT9nOFj9DDkRkoyq8FS5wxo,2021-07-06,-32,-1,-49,-31,-38,9,https://www.gstatic.com/covid19/mobility/Global_Mobility_Report.csv,2023-07-10 00:07:58.145154+00:00
IN,India,Delhi,Central Delhi,,,,ChIJiT9nOFj9DDkRkoyq8FS5wxo,2021-07-07,-33,-3,-46,-30,-37,9,https://www.gstatic.com/covid19/mobility/Global_Mobility_Report.csv,2023-07-10 00:07:58.145154+00:00
IN,India,Delhi,Central Delhi,,,,ChIJiT9nOFj9DDkRkoyq8FS5wxo,2021-07-08,-33,-3,-46,-31,-36,9,https://www.gstatic.com/covid19/mobility/Global_Mobility_Report.csv,2023-07-10 00:07:58.145154+00:00
IN,India,Delhi,Central Delhi,,,,ChIJiT9nOFj9DDkRkoyq8FS5wxo,2021-07-09,-32,0,-47,-28,-34,9,https://www.gstatic.com/covid19/mobility/Global_Mobility_Report.csv,2023-07-10 00:07:58.145154+00:00
IN,India,Delhi,Central Delhi,,,,ChIJiT9nOFj9DDkRkoyq8FS5wxo,2021-07-10,-34,-1,-52,-29,-33,8,https://www.gstatic.com/covid19/mobility/Global_Mobility_Report.csv,2023-07-10 00:07:58.145154+00:00
IN,India,Delhi,Central Delhi,,,,ChIJiT9nOFj9DDkRkoyq8FS5wxo,2021-07-11,-43,-8,-53,-27,-27,6,https://www.gstatic.com/covid19/mobility/Global_Mobility_Report.csv,2023-07-10 00:07:58.145154+00:00
IN,India,Delhi,Central Delhi,,,,ChIJiT9nOFj9DDkRkoyq8FS5wxo,2021-07-12,-32,-3,-39,-29,-37,8,https://www.gstatic.com/covid19/mobility/Global_Mobility_Report.csv,2023-07-10 00:07:58.145154+00:00
IN,India,Delhi,Central Delhi,,,,ChIJiT9nOFj9DDkRkoyq8FS5wxo,2021-07-13,-33,-4,-47,-27,-37,9,https://www.gstatic.com/covid19/mobility/Global_Mobility_Report.csv,2023-07-10 00:07:58.145154+00:00
IN,India,Delhi,Central Delhi,,,,ChIJiT9nOFj9DDkRkoyq8FS5wxo,2021-07-14,-41,-16,-44,-26,-37,10,https://www.gstatic.com/covid19/mobility/Global_Mobility_Report.csv,2023-07-10 00:07:58.145154+00:00
IN,India,Delhi,Central Delhi,,,,ChIJiT9nOFj9DDkRkoyq8FS5wxo,2021-07-15,-30,5,-40,-24,-33,8,https://www.gstatic.com/covid19/mobility/Global_Mobility_Report.csv,2023-07-10 00:07:58.145154+00:00
IN,India,Delhi,Central Delhi,,,,ChIJiT9nOFj9DDkRkoyq8FS5wxo,2021-07-16,-31,3,-38,-25,-31,8,https://www.gstatic.com/covid19/mobility/Global_Mobility_Report.csv,2023-07-10 00:07:58.145154+00:00
IN,India,Delhi,Central Delhi,,,,ChIJiT9nOFj9DDkRkoyq8FS5wxo,2021-07-17,-34,1,-44,-25,-26,7,https://www.gstatic.com/covid19/mobility/Global_Mobility_Report.csv,2023-07-10 00:07:58.145154+00:00
IN,India,Delhi,Central Delhi,,,,ChIJiT9nOFj9DDkRkoyq8FS5wxo,2021-07-18,-43,-5,-46,-25,-23,5,https://www.gstatic.com/covid19/mobility/Global_Mobility_Report.csv,2023-07-10 00:07:58.145154+00:00
IN,India,Delhi,Central Delhi,,,,ChIJiT9nOFj9DDkRkoyq8FS5wxo,2021-07-19,-50,-33,-54,-38,-44,14,https://www.gstatic.com/covid19/mobility/Global_Mobility_Report.csv,2023-07-10 00:07:58.145154+00:00
IN,India,Delhi,Central Delhi,,,,ChIJiT9nOFj9DDkRkoyq8FS5wxo,2021-07-20,-35,-4,-46,-25,-33,8,https://www.gstatic.com/covid19/mobility/Global_Mobility_Report.csv,2023-07-10 00:07:58.145154+00:00
IN,India,Delhi,Central Delhi,,,,ChIJiT9nOFj9DDkRkoyq8FS5wxo,2021-07-21,-37,-9,-46,-36,-48,12,https://www.gstatic.com/covid19/mobility/Global_Mobility_Report.csv,2023-07-10 00:07:58.145154+00:00
IN,India,Delhi,Central Delhi,,,,ChIJiT9nOFj9DDkRkoyq8FS5wxo,2021-07-22,-33,-2,-36,-28,-34,9,https://www.gstatic.com/covid19/mobility/Global_Mobility_Report.csv,2023-07-10 00:07:58.145154+00:00
IN,India,Delhi,Central Delhi,,,,ChIJiT9nOFj9DDkRkoyq8FS5wxo,2021-07-23,-33,-2,-40,-26,-31,9,https://www.gstatic.com/covid19/mobility/Global_Mobility_Report.csv,2023-07-10 00:07:58.145154+00:00
IN,India,Delhi,Central Delhi,,,,ChIJiT9nOFj9DDkRkoyq8FS5wxo,2021-07-24,-35,-2,-47,-29,-26,8,https://www.gstatic.com/covid19/mobility/Global_Mobility_Report.csv,2023-07-10 00:07:58.145154+00:00
IN,India,Delhi,Central Delhi,,,,ChIJiT9nOFj9DDkRkoyq8FS5wxo,2021-07-25,-44,-9,-51,-28,-19,6,https://www.gstatic.com/covid19/mobility/Global_Mobility_Report.csv,2023-07-10 00:07:58.145154+00:00
IN,India,Delhi,Central Delhi,,,,ChIJiT9nOFj9DDkRkoyq8FS5wxo,2021-07-26,-35,-5,-38,-29,-31,8,https://www.gstatic.com/covid19/mobility/Global_Mobility_Report.csv,2023-07-10 00:07:58.145154+00:00
IN,India,Delhi,Central Delhi,,,,ChIJiT9nOFj9DDkRkoyq8FS5wxo,2021-07-27,-41,-15,-51,-30,-33,11,https://www.gstatic.com/covid19/mobility/Global_Mobility_Report.csv,2023-07-10 00:07:58.145154+00:00
IN,India,Delhi,Central Delhi,,,,ChIJiT9nOFj9DDkRkoyq8FS5wxo,2021-07-28,-44,-21,-54,-33,-32,11,https://www.gstatic.com/covid19/mobility/Global_Mobility_Report.csv,2023-07-10 00:07:58.145154+00:00
IN,India,Delhi,Central Delhi,,,,ChIJiT9nOFj9DDkRkoyq8FS5wxo,2021-07-29,-34,-4,-44,-25,-27,9,https://www.gstatic.com/covid19/mobility/Global_Mobility_Report.csv,2023-07-10 00:07:58.145154+00:00
IN,India,Delhi,Central Delhi,,,,ChIJiT9nOFj9DDkRkoyq8FS5wxo,2021-07-30,-34,-4,-49,-26,-26,10,https://www.gstatic.com/covid19/mobility/Global_Mobility_Report.csv,2023-07-10 00:07:58.145154+00:00
IN,India,Delhi,Central Delhi,,,,ChIJiT9nOFj9DDkRkoyq8FS5wxo,2021-07-31,-29,7,-47,-24,-19,7,https://www.gstatic.com/covid19/mobility/Global_Mobility_Report.csv,2023-07-10 00:07:58.145154+00:00
IN,India,Delhi,Central Delhi,,,,ChIJiT9nOFj9DDkRkoyq8FS5wxo,2021-08-01,-41,-6,-54,-22,-20,7,https://www.gstatic.com/covid19/mobility/Global_Mobility_Report.csv,2023-07-10 00:07:58.145154+00:00
IN,India,Delhi,Central Delhi,,,,ChIJiT9nOFj9DDkRkoyq8FS5wxo,2021-08-02,-34,-4,-42,-26,-30,9,https://www.gstatic.com/covid19/mobility/Global_Mobility_Report.csv,2023-07-10 00:07:58.145154+00:00
IN,India,Delhi,Central Delhi,,,,ChIJiT9nOFj9DDkRkoyq8FS5wxo,2021-08-03,-28,6,-43,-25,-29,8,https://www.gstatic.com/covid19/mobility/Global_Mobility_Report.csv,2023-07-10 00:07:58.145154+00:00
IN,India,Delhi,Central Delhi,,,,ChIJiT9nOFj9DDkRkoyq8FS5wxo,2021-08-04,-29,4,-42,-22,-27,8,https://www.gstatic.com/covid19/mobility/Global_Mobility_Report.csv,2023-07-10 00:07:58.145154+00:00
IN,India,Delhi,Central Delhi,,,,ChIJiT9nOFj9DDkRkoyq8FS5wxo,2021-08-05,-29,4,-43,-22,-26,8,https://www.gstatic.com/covid19/mobility/Global_Mobility_Report.csv,2023-07-10 00:07:58.145154+00:00
IN,India,Delhi,Central Delhi,,,,ChIJiT9nOFj9DDkRkoyq8FS5wxo,2021-08-06,-30,2,-44,-22,-25,9,https://www.gstatic.com/covid19/mobility/Global_Mobility_Report.csv,2023-07-10 00:07:58.145154+00:00
IN,India,Delhi,Central Delhi,,,,ChIJiT9nOFj9DDkRkoyq8FS5wxo,2021-08-07,-31,4,-41,-15,-20,8,https://www.gstatic.com/covid19/mobility/Global_Mobility_Report.csv,2023-07-10 00:07:58.145154+00:00
IN,India,Delhi,Central Delhi,,,,ChIJiT9nOFj9DDkRkoyq8FS5wxo,2021-08-08,-42,-6,-52,-19,-17,7,https://www.gstatic.com/covid19/mobility/Global_Mobility_Report.csv,2023-07-10 00:07:58.145154+00:00
IN,India,Delhi,Central Delhi,,,,ChIJiT9nOFj9DDkRkoyq8FS5wxo,2021-08-09,-28,5,-37,-24,-28,8,https://www.gstatic.com/covid19/mobility/Global_Mobility_Report.csv,2023-07-10 00:07:58.145154+00:00
IN,India,Delhi,Central Delhi,,,,ChIJiT9nOFj9DDkRkoyq8FS5wxo,2021-08-10,-25,9,-36,-20,-27,8,https://www.gstatic.com/covid19/mobility/Global_Mobility_Report.csv,2023-07-10 00:07:58.145154+00:00
IN,India,Delhi,Central Delhi,,,,ChIJiT9nOFj9DDkRkoyq8FS5wxo,2021-08-11,-26,6,-35,-20,-26,8,https://www.gstatic.com/covid19/mobility/Global_Mobility_Report.csv,2023-07-10 00:07:58.145154+00:00
IN,India,Delhi,Central Delhi,,,,ChIJiT9nOFj9DDkRkoyq8FS5wxo,2021-08-12,-28,5,-40,-23,-25,8,https://www.gstatic.com/covid19/mobility/Global_Mobility_Report.csv,2023-07-10 00:07:58.145154+00:00
IN,India,Delhi,Central Delhi,,,,ChIJiT9nOFj9DDkRkoyq8FS5wxo,2021-08-13,-28,4,-38,-19,-24,9,https://www.gstatic.com/covid19/mobility/Global_Mobility_Report.csv,2023-07-10 00:07:58.145154+00:00
IN,India,Delhi,Central Delhi,,,,ChIJiT9nOFj9DDkRkoyq8FS5wxo,2021-08-14,-32,-4,-49,-26,-24,8,https://www.gstatic.com/covid19/mobility/Global_Mobility_Report.csv,2023-07-10 00:07:58.145154+00:00
IN,India,Delhi,Central Delhi,,,,ChIJiT9nOFj9DDkRkoyq8FS5wxo,2021-08-15,-58,-36,-52,-37,-51,10,https://www.gstatic.com/covid19/mobility/Global_Mobility_Report.csv,2023-07-10 00:07:58.145154+00:00
IN,India,Delhi,Central Delhi,,,,ChIJiT9nOFj9DDkRkoyq8FS5wxo,2021-08-16,-30,3,-37,-25,-28,8,https://www.gstatic.com/covid19/mobility/Global_Mobility_Report.csv,2023-07-10 00:07:58.145154+00:00
IN,India,Delhi,Central Delhi,,,,ChIJiT9nOFj9DDkRkoyq8FS5wxo,2021-08-17,-26,9,-38,-20,-26,7,https://www.gstatic.com/covid19/mobility/Global_Mobility_Report.csv,2023-07-10 00:07:58.145154+00:00
IN,India,Delhi,Central Delhi,,,,ChIJiT9nOFj9DDkRkoyq8FS5wxo,2021-08-18,-27,5,-38,-19,-23,8,https://www.gstatic.com/covid19/mobility/Global_Mobility_Report.csv,2023-07-10 00:07:58.145154+00:00
IN,India,Delhi,Central Delhi,,,,ChIJiT9nOFj9DDkRkoyq8FS5wxo,2021-08-19,-26,6,-38,-20,-23,8,https://www.gstatic.com/covid19/mobility/Global_Mobility_Report.csv,2023-07-10 00:07:58.145154+00:00
IN,India,Delhi,Central Delhi,,,,ChIJiT9nOFj9DDkRkoyq8FS5wxo,2021-08-20,-29,0,-44,-23,-34,10,https://www.gstatic.com/covid19/mobility/Global_Mobility_Report.csv,2023-07-10 00:07:58.145154+00:00
IN,India,Delhi,Central Delhi,,,,ChIJiT9nOFj9DDkRkoyq8FS5wxo,2021-08-21,-33,-7,-43,-18,-23,8,https://www.gstatic.com/covid19/mobility/Global_Mobility_Report.csv,2023-07-10 00:07:58.145154+00:00
IN,India,Delhi,Central Delhi,,,,ChIJiT9nOFj9DDkRkoyq8FS5wxo,2021-08-22,-46,-20,-48,-20,-38,2,https://www.gstatic.com/covid19/mobility/Global_Mobility_Report.csv,2023-07-10 00:07:58.145154+00:00
IN,India,Delhi,Central Delhi,,,,ChIJiT9nOFj9DDkRkoyq8FS5wxo,2021-08-23,-33,-9,-40,-25,-28,6,https://www.gstatic.com/covid19/mobility/Global_Mobility_Report.csv,2023-07-10 00:07:58.145154+00:00
IN,India,Delhi,Central Delhi,,,,ChIJiT9nOFj9DDkRkoyq8FS5wxo,2021-08-24,-30,-1,-38,-21,-25,7,https://www.gstatic.com/covid19/mobility/Global_Mobility_Report.csv,2023-07-10 00:07:58.145154+00:00
IN,India,Delhi,Central Delhi,,,,ChIJiT9nOFj9DDkRkoyq8FS5wxo,2021-08-25,-28,1,-38,-18,-23,7,https://www.gstatic.com/covid19/mobility/Global_Mobility_Report.csv,2023-07-10 00:07:58.145154+00:00
IN,India,Delhi,Central Delhi,,,,ChIJiT9nOFj9DDkRkoyq8FS5wxo,2021-08-26,-28,3,-39,-21,-22,7,https://www.gstatic.com/covid19/mobility/Global_Mobility_Report.csv,2023-07-10 00:07:58.145154+00:00
IN,India,Delhi,Central Delhi,,,,ChIJiT9nOFj9DDkRkoyq8FS5wxo,2021-08-27,-27,2,-39,-18,-20,8,https://www.gstatic.com/covid19/mobility/Global_Mobility_Report.csv,2023-07-10 00:07:58.145154+00:00
IN,India,Delhi,Central Delhi,,,,ChIJiT9nOFj9DDkRkoyq8FS5wxo,2021-08-28,-29,2,-42,-18,-16,6,https://www.gstatic.com/covid19/mobility/Global_Mobility_Report.csv,2023-07-10 00:07:58.145154+00:00
IN,India,Delhi,Central Delhi,,,,ChIJiT9nOFj9DDkRkoyq8FS5wxo,2021-08-29,-34,-1,-42,-18,-9,5,https://www.gstatic.com/covid19/mobility/Global_Mobility_Report.csv,2023-07-10 00:07:58.145154+00:00
IN,India,Delhi,Central Delhi,,,,ChIJiT9nOFj9DDkRkoyq8FS5wxo,2021-08-30,-33,-14,-44,-37,-46,12,https://www.gstatic.com/covid19/mobility/Global_Mobility_Report.csv,2023-07-10 00:07:58.145154+00:00
IN,India,Delhi,Central Delhi,,,,ChIJiT9nOFj9DDkRkoyq8FS5wxo,2021-08-31,-37,-17,-43,-21,-27,9,https://www.gstatic.com/covid19/mobility/Global_Mobility_Report.csv,2023-07-10 00:07:58.145154+00:00
IN,India,Delhi,Central Delhi,,,,ChIJiT9nOFj9DDkRkoyq8FS5wxo,2021-09-01,-38,-15,-45,-25,-31,12,https://www.gstatic.com/covid19/mobility/Global_Mobility_Report.csv,2023-07-10 00:07:58.145154+00:00
IN,India,Delhi,Central Delhi,,,,ChIJiT9nOFj9DDkRkoyq8FS5wxo,2021-09-02,-26,3,-37,-20,-22,8,https://www.gstatic.com/covid19/mobility/Global_Mobility_Report.csv,2023-07-10 00:07:58.145154+00:00
IN,India,Delhi,Central Delhi,,,,ChIJiT9nOFj9DDkRkoyq8FS5wxo,2021-09-03,-24,6,-38,-19,-18,8,https://www.gstatic.com/covid19/mobility/Global_Mobility_Report.csv,2023-07-10 00:07:58.145154+00:00
IN,India,Delhi,Central Delhi,,,,ChIJiT9nOFj9DDkRkoyq8FS5wxo,2021-09-04,-26,5,-42,-19,-12,6,https://www.gstatic.com/covid19/mobility/Global_Mobility_Report.csv,2023-07-10 00:07:58.145154+00:00
IN,India,Delhi,Central Delhi,,,,ChIJiT9nOFj9DDkRkoyq8FS5wxo,2021-09-05,-32,1,-39,-16,-9,5,https://www.gstatic.com/covid19/mobility/Global_Mobility_Report.csv,2023-07-10 00:07:58.145154+00:00
IN,India,Delhi,Central Delhi,,,,ChIJiT9nOFj9DDkRkoyq8FS5wxo,2021-09-06,-23,5,-32,-21,-23,7,https://www.gstatic.com/covid19/mobility/Global_Mobility_Report.csv,2023-07-10 00:07:58.145154+00:00
IN,India,Delhi,Central Delhi,,,,ChIJiT9nOFj9DDkRkoyq8FS5wxo,2021-09-07,-24,4,-34,-19,-22,7,https://www.gstatic.com/covid19/mobility/Global_Mobility_Report.csv,2023-07-10 00:07:58.145154+00:00
IN,India,Delhi,Central Delhi,,,,ChIJiT9nOFj9DDkRkoyq8FS5wxo,2021-09-08,-21,10,-33,-17,-20,7,https://www.gstatic.com/covid19/mobility/Global_Mobility_Report.csv,2023-07-10 00:07:58.145154+00:00
IN,India,Delhi,Central Delhi,,,,ChIJiT9nOFj9DDkRkoyq8FS5wxo,2021-09-09,-23,7,-34,-19,-20,7,https://www.gstatic.com/covid19/mobility/Global_Mobility_Report.csv,2023-07-10 00:07:58.145154+00:00
IN,India,Delhi,Central Delhi,,,,ChIJiT9nOFj9DDkRkoyq8FS5wxo,2021-09-10,-23,7,-35,-17,-21,8,https://www.gstatic.com/covid19/mobility/Global_Mobility_Report.csv,2023-07-10 00:07:58.145154+00:00
IN,India,Delhi,Central Delhi,,,,ChIJiT9nOFj9DDkRkoyq8FS5wxo,2021-09-11,-43,-25,-56,-29,-26,12,https://www.gstatic.com/covid19/mobility/Global_Mobility_Report.csv,2023-07-10 00:07:58.145154+00:00
IN,India,Delhi,Central Delhi,,,,ChIJiT9nOFj9DDkRkoyq8FS5wxo,2021-09-12,-33,2,-43,-15,-9,5,https://www.gstatic.com/covid19/mobility/Global_Mobility_Report.csv,2023-07-10 00:07:58.145154+00:00
IN,India,Delhi,Central Delhi,,,,ChIJiT9nOFj9DDkRkoyq8FS5wxo,2021-09-13,-22,6,-32,-19,-22,7,https://www.gstatic.com/covid19/mobility/Global_Mobility_Report.csv,2023-07-10 00:07:58.145154+00:00
IN,India,Delhi,Central Delhi,,,,ChIJiT9nOFj9DDkRkoyq8FS5wxo,2021-09-14,-20,13,-29,-16,-22,6,https://www.gstatic.com/covid19/mobility/Global_Mobility_Report.csv,2023-07-10 00:07:58.145154+00:00
IN,India,Delhi,Central Delhi,,,,ChIJiT9nOFj9DDkRkoyq8FS5wxo,2021-09-15,-20,11,-32,-14,-21,6,https://www.gstatic.com/covid19/mobility/Global_Mobility_Report.csv,2023-07-10 00:07:58.145154+00:00
IN,India,Delhi,Central Delhi,,,,ChIJiT9nOFj9DDkRkoyq8FS5wxo,2021-09-16,-26,0,-38,-18,-21,8,https://www.gstatic.com/covid19/mobility/Global_Mobility_Report.csv,2023-07-10 00:07:58.145154+00:00
IN,India,Delhi,Central Delhi,,,,ChIJiT9nOFj9DDkRkoyq8FS5wxo,2021-09-17,-18,14,-29,-10,-20,7,https://www.gstatic.com/covid19/mobility/Global_Mobility_Report.csv,2023-07-10 00:07:58.145154+00:00
IN,India,Delhi,Central Delhi,,,,ChIJiT9nOFj9DDkRkoyq8FS5wxo,2021-09-18,-18,16,-31,-12,-13,5,https://www.gstatic.com/covid19/mobility/Global_Mobility_Report.csv,2023-07-10 00:07:58.145154+00:00
IN,India,Delhi,Central Delhi,,,,ChIJiT9nOFj9DDkRkoyq8FS5wxo,2021-09-19,-27,8,-34,-13,-10,4,https://www.gstatic.com/covid19/mobility/Global_Mobility_Report.csv,2023-07-10 00:07:58.145154+00:00
IN,India,Delhi,Central Delhi,,,,ChIJiT9nOFj9DDkRkoyq8FS5wxo,2021-09-20,-21,6,-29,-18,-22,6,https://www.gstatic.com/covid19/mobility/Global_Mobility_Report.csv,2023-07-10 00:07:58.145154+00:00
IN,India,Delhi,Central Delhi,,,,ChIJiT9nOFj9DDkRkoyq8FS5wxo,2021-09-21,-24,5,-35,-18,-21,7,https://www.gstatic.com/covid19/mobility/Global_Mobility_Report.csv,2023-07-10 00:07:58.145154+00:00
IN,India,Delhi,Central Delhi,,,,ChIJiT9nOFj9DDkRkoyq8FS5wxo,2021-09-22,-24,5,-33,-13,-18,7,https://www.gstatic.com/covid19/mobility/Global_Mobility_Report.csv,2023-07-10 00:07:58.145154+00:00
IN,India,Delhi,Central Delhi,,,,ChIJiT9nOFj9DDkRkoyq8FS5wxo,2021-09-23,-24,5,-32,-14,-17,7,https://www.gstatic.com/covid19/mobility/Global_Mobility_Report.csv,2023-07-10 00:07:58.145154+00:00
IN,India,Delhi,Central Delhi,,,,ChIJiT9nOFj9DDkRkoyq8FS5wxo,2021-09-24,-25,6,-33,-10,-16,8,https://www.gstatic.com/covid19/mobility/Global_Mobility_Report.csv,2023-07-10 00:07:58.145154+00:00
IN,India,Delhi,Central Delhi,,,,ChIJiT9nOFj9DDkRkoyq8FS5wxo,2021-09-25,-23,9,-34,-6,-12,6,https://www.gstatic.com/covid19/mobility/Global_Mobility_Report.csv,2023-07-10 00:07:58.145154+00:00
IN,India,Delhi,Central Delhi,,,,ChIJiT9nOFj9DDkRkoyq8FS5wxo,2021-09-26,-30,6,-33,-7,-5,5,https://www.gstatic.com/covid19/mobility/Global_Mobility_Report.csv,2023-07-10 00:07:58.145154+00:00
IN,India,Delhi,Central Delhi,,,,ChIJiT9nOFj9DDkRkoyq8FS5wxo,2021-09-27,-25,1,-29,-17,-20,7,https://www.gstatic.com/covid19/mobility/Global_Mobility_Report.csv,2023-07-10 00:07:58.145154+00:00
IN,India,Delhi,Central Delhi,,,,ChIJiT9nOFj9DDkRkoyq8FS5wxo,2021-09-28,-21,10,-29,-7,-19,6,https://www.gstatic.com/covid19/mobility/Global_Mobility_Report.csv,2023-07-10 00:07:58.145154+00:00
IN,India,Delhi,Central Delhi,,,,ChIJiT9nOFj9DDkRkoyq8FS5wxo,2021-09-29,-23,8,-31,-8,-18,7,https://www.gstatic.com/covid19/mobility/Global_Mobility_Report.csv,2023-07-10 00:07:58.145154+00:00
IN,India,Delhi,Central Delhi,,,,ChIJiT9nOFj9DDkRkoyq8FS5wxo,2021-09-30,-21,9,-29,-7,-16,6,https://www.gstatic.com/covid19/mobility/Global_Mobility_Report.csv,2023-07-10 00:07:58.145154+00:00
IN,India,Delhi,Central Delhi,,,,ChIJiT9nOFj9DDkRkoyq8FS5wxo,2021-10-01,-19,17,-31,4,-17,6,https://www.gstatic.com/covid19/mobility/Global_Mobility_Report.csv,2023-07-10 00:07:58.145154+00:00
IN,India,Delhi,Central Delhi,,,,ChIJiT9nOFj9DDkRkoyq8FS5wxo,2021-10-02,-42,-27,-45,-26,-59,13,https://www.gstatic.com/covid19/mobility/Global_Mobility_Report.csv,2023-07-10 00:07:58.145154+00:00
IN,India,Delhi,Central Delhi,,,,ChIJiT9nOFj9DDkRkoyq8FS5wxo,2021-10-03,-27,16,-34,-5,-5,4,https://www.gstatic.com/covid19/mobility/Global_Mobility_Report.csv,2023-07-10 00:07:58.145154+00:00
IN,India,Delhi,Central Delhi,,,,ChIJiT9nOFj9DDkRkoyq8FS5wxo,2021-10-04,-18,16,-23,-3,-19,5,https://www.gstatic.com/covid19/mobility/Global_Mobility_Report.csv,2023-07-10 00:07:58.145154+00:00
IN,India,Delhi,Central Delhi,,,,ChIJiT9nOFj9DDkRkoyq8FS5wxo,2021-10-05,-18,19,-30,-3,-19,6,https://www.gstatic.com/covid19/mobility/Global_Mobility_Report.csv,2023-07-10 00:07:58.145154+00:00
IN,India,Delhi,Central Delhi,,,,ChIJiT9nOFj9DDkRkoyq8FS5wxo,2021-10-06,-16,20,-25,-3,-17,6,https://www.gstatic.com/covid19/mobility/Global_Mobility_Report.csv,2023-07-10 00:07:58.145154+00:00
IN,India,Delhi,Central Delhi,,,,ChIJiT9nOFj9DDkRkoyq8FS5wxo,2021-10-07,-22,13,-32,-9,-17,7,https://www.gstatic.com/covid19/mobility/Global_Mobility_Report.csv,2023-07-10 00:07:58.145154+00:00
IN,India,Delhi,Central Delhi,,,,ChIJiT9nOFj9DDkRkoyq8FS5wxo,2021-10-08,-20,17,-30,-4,-15,7,https://www.gstatic.com/covid19/mobility/Global_Mobility_Report.csv,2023-07-10 00:07:58.145154+00:00
IN,India,Delhi,Central Delhi,,,,ChIJiT9nOFj9DDkRkoyq8FS5wxo,2021-10-09,-15,27,-21,1,-14,6,https://www.gstatic.com/covid19/mobility/Global_Mobility_Report.csv,2023-07-10 00:07:58.145154+00:00
IN,India,Delhi,Central Delhi,,,,ChIJiT9nOFj9DDkRkoyq8FS5wxo,2021-10-10,-22,25,-33,1,-3,3,https://www.gstatic.com/covid19/mobility/Global_Mobility_Report.csv,2023-07-10 00:07:58.145154+00:00
IN,India,Delhi,Central Delhi,,,,ChIJiT9nOFj9DDkRkoyq8FS5wxo,2021-10-11,-17,17,-23,-6,-19,5,https://www.gstatic.com/covid19/mobility/Global_Mobility_Report.csv,2023-07-10 00:07:58.145154+00:00
IN,India,Delhi,Central Delhi,,,,ChIJiT9nOFj9DDkRkoyq8FS5wxo,2021-10-12,-15,23,-26,-1,-20,5,https://www.gstatic.com/covid19/mobility/Global_Mobility_Report.csv,2023-07-10 00:07:58.145154+00:00
IN,India,Delhi,Central Delhi,,,,ChIJiT9nOFj9DDkRkoyq8FS5wxo,2021-10-13,-18,17,-28,-1,-20,6,https://www.gstatic.com/covid19/mobility/Global_Mobility_Report.csv,2023-07-10 00:07:58.145154+00:00
IN,India,Delhi,Central Delhi,,,,ChIJiT9nOFj9DDkRkoyq8FS5wxo,2021-10-14,-13,19,-24,4,-22,6,https://www.gstatic.com/covid19/mobility/Global_Mobility_Report.csv,2023-07-10 00:07:58.145154+00:00
IN,India,Delhi,Central Delhi,,,,ChIJiT9nOFj9DDkRkoyq8FS5wxo,2021-10-15,-18,8,-30,-21,-51,12,https://www.gstatic.com/covid19/mobility/Global_Mobility_Report.csv,2023-07-10 00:07:58.145154+00:00
IN,India,Delhi,Central Delhi,,,,ChIJiT9nOFj9DDkRkoyq8FS5wxo,2021-10-16,-14,26,-24,1,-12,5,https://www.gstatic.com/covid19/mobility/Global_Mobility_Report.csv,2023-07-10 00:07:58.145154+00:00
IN,India,Delhi,Central Delhi,,,,ChIJiT9nOFj9DDkRkoyq8FS5wxo,2021-10-17,-27,16,-39,4,-4,4,https://www.gstatic.com/covid19/mobility/Global_Mobility_Report.csv,2023-07-10 00:07:58.145154+00:00
IN,India,Delhi,Central Delhi,,,,ChIJiT9nOFj9DDkRkoyq8FS5wxo,2021-10-18,-17,15,-28,-4,-22,6,https://www.gstatic.com/covid19/mobility/Global_Mobility_Report.csv,2023-07-10 00:07:58.145154+00:00
IN,India,Delhi,Central Delhi,,,,ChIJiT9nOFj9DDkRkoyq8FS5wxo,2021-10-19,-11,31,-26,-2,-31,8,https://www.gstatic.com/covid19/mobility/Global_Mobility_Report.csv,2023-07-10 00:07:58.145154+00:00
IN,India,Delhi,Central Delhi,,,,ChIJiT9nOFj9DDkRkoyq8FS5wxo,2021-10-20,-14,25,-28,1,-23,6,https://www.gstatic.com/covid19/mobility/Global_Mobility_Report.csv,2023-07-10 00:07:58.145154+00:00
IN,India,Delhi,Central Delhi,,,,ChIJiT9nOFj9DDkRkoyq8FS5wxo,2021-10-21,-13,25,-26,2,-16,6,https://www.gstatic.com/covid19/mobility/Global_Mobility_Report.csv,2023-07-10 00:07:58.145154+00:00
IN,India,Delhi,Central Delhi,,,,ChIJiT9nOFj9DDkRkoyq8FS5wxo,2021-10-22,-12,21,-30,2,-15,6,https://www.gstatic.com/covid19/mobility/Global_Mobility_Report.csv,2023-07-10 00:07:58.145154+00:00
IN,India,Delhi,Central Delhi,,,,ChIJiT9nOFj9DDkRkoyq8FS5wxo,2021-10-23,-11,22,-34,1,-9,5,https://www.gstatic.com/covid19/mobility/Global_Mobility_Report.csv,2023-07-10 00:07:58.145154+00:00
IN,India,Delhi,Central Delhi,,,,ChIJiT9nOFj9DDkRkoyq8FS5wxo,2021-10-24,-34,5,-46,-12,-4,7,https://www.gstatic.com/covid19/mobility/Global_Mobility_Report.csv,2023-07-10 00:07:58.145154+00:00
IN,India,Delhi,Central Delhi,,,,ChIJiT9nOFj9DDkRkoyq8FS5wxo,2021-10-25,-14,18,-30,-4,-17,6,https://www.gstatic.com/covid19/mobility/Global_Mobility_Report.csv,2023-07-10 00:07:58.145154+00:00
IN,India,Delhi,Central Delhi,,,,ChIJiT9nOFj9DDkRkoyq8FS5wxo,2021-10-26,-12,25,-26,5,-17,6,https://www.gstatic.com/covid19/mobility/Global_Mobility_Report.csv,2023-07-10 00:07:58.145154+00:00
IN,India,Delhi,Central Delhi,,,,ChIJiT9nOFj9DDkRkoyq8FS5wxo,2021-10-27,-11,25,-26,4,-15,6,https://www.gstatic.com/covid19/mobility/Global_Mobility_Report.csv,2023-07-10 00:07:58.145154+00:00
IN,India,Delhi,Central Delhi,,,,ChIJiT9nOFj9DDkRkoyq8FS5wxo,2021-10-28,-15,21,-31,-1,-14,7,https://www.gstatic.com/covid19/mobility/Global_Mobility_Report.csv,2023-07-10 00:07:58.145154+00:00
IN,India,Delhi,Central Delhi,,,,ChIJiT9nOFj9DDkRkoyq8FS5wxo,2021-10-29,-11,27,-30,6,-13,6,https://www.gstatic.com/covid19/mobility/Global_Mobility_Report.csv,2023-07-10 00:07:58.145154+00:00
IN,India,Delhi,Central Delhi,,,,ChIJiT9nOFj9DDkRkoyq8FS5wxo,2021-10-30,-12,28,-30,10,-5,4,https://www.gstatic.com/covid19/mobility/Global_Mobility_Report.csv,2023-07-10 00:07:58.145154+00:00
IN,India,Delhi,Central Delhi,,,,ChIJiT9nOFj9DDkRkoyq8FS5wxo,2021-10-31,-11,46,-26,17,5,3,https://www.gstatic.com/covid19/mobility/Global_Mobility_Report.csv,2023-07-10 00:07:58.145154+00:00
IN,India,Delhi,Central Delhi,,,,ChIJiT9nOFj9DDkRkoyq8FS5wxo,2021-11-01,-5,33,-24,6,-15,4,https://www.gstatic.com/covid19/mobility/Global_Mobility_Report.csv,2023-07-10 00:07:58.145154+00:00
IN,India,Delhi,Central Delhi,,,,ChIJiT9nOFj9DDkRkoyq8FS5wxo,2021-11-02,-5,35,-26,11,-17,5,https://www.gstatic.com/covid19/mobility/Global_Mobility_Report.csv,2023-07-10 00:07:58.145154+00:00
IN,India,Delhi,Central Delhi,,,,ChIJiT9nOFj9DDkRkoyq8FS5wxo,2021-11-03,-13,22,-30,8,-21,6,https://www.gstatic.com/covid19/mobility/Global_Mobility_Report.csv,2023-07-10 00:07:58.145154+00:00
IN,India,Delhi,Central Delhi,,,,ChIJiT9nOFj9DDkRkoyq8FS5wxo,2021-11-04,-28,4,-42,-35,-53,16,https://www.gstatic.com/covid19/mobility/Global_Mobility_Report.csv,2023-07-10 00:07:58.145154+00:00
IN,India,Delhi,Central Delhi,,,,ChIJiT9nOFj9DDkRkoyq8FS5wxo,2021-11-05,-34,-18,-39,-25,-58,15,https://www.gstatic.com/covid19/mobility/Global_Mobility_Report.csv,2023-07-10 00:07:58.145154+00:00
IN,India,Delhi,Central Delhi,,,,ChIJiT9nOFj9DDkRkoyq8FS5wxo,2021-11-06,-31,-12,-41,-12,-48,7,https://www.gstatic.com/covid19/mobility/Global_Mobility_Report.csv,2023-07-10 00:07:58.145154+00:00
IN,India,Delhi,Central Delhi,,,,ChIJiT9nOFj9DDkRkoyq8FS5wxo,2021-11-07,-27,9,-30,14,-12,2,https://www.gstatic.com/covid19/mobility/Global_Mobility_Report.csv,2023-07-10 00:07:58.145154+00:00
IN,India,Delhi,Central Delhi,,,,ChIJiT9nOFj9DDkRkoyq8FS5wxo,2021-11-08,-16,15,-17,9,-21,5,https://www.gstatic.com/covid19/mobility/Global_Mobility_Report.csv,2023-07-10 00:07:58.145154+00:00
IN,India,Delhi,Central Delhi,,,,ChIJiT9nOFj9DDkRkoyq8FS5wxo,2021-11-09,-15,18,-20,6,-20,5,https://www.gstatic.com/covid19/mobility/Global_Mobility_Report.csv,2023-07-10 00:07:58.145154+00:00
IN,India,Delhi,Central Delhi,,,,ChIJiT9nOFj9DDkRkoyq8FS5wxo,2021-11-10,-16,15,-23,0,-25,7,https://www.gstatic.com/covid19/mobility/Global_Mobility_Report.csv,2023-07-10 00:07:58.145154+00:00
IN,India,Delhi,Central Delhi,,,,ChIJiT9nOFj9DDkRkoyq8FS5wxo,2021-11-11,-17,15,-22,1,-18,5,https://www.gstatic.com/covid19/mobility/Global_Mobility_Report.csv,2023-07-10 00:07:58.145154+00:00
IN,India,Delhi,Central Delhi,,,,ChIJiT9nOFj9DDkRkoyq8FS5wxo,2021-11-12,-16,16,-24,7,-17,6,https://www.gstatic.com/covid19/mobility/Global_Mobility_Report.csv,2023-07-10 00:07:58.145154+00:00
IN,India,Delhi,Central Delhi,,,,ChIJiT9nOFj9DDkRkoyq8FS5wxo,2021-11-13,-15,19,-24,9,-16,5,https://www.gstatic.com/covid19/mobility/Global_Mobility_Report.csv,2023-07-10 00:07:58.145154+00:00
IN,India,Delhi,Central Delhi,,,,ChIJiT9nOFj9DDkRkoyq8FS5wxo,2021-11-14,-21,23,-24,16,-8,3,https://www.gstatic.com/covid19/mobility/Global_Mobility_Report.csv,2023-07-10 00:07:58.145154+00:00
IN,India,Delhi,Central Delhi,,,,ChIJiT9nOFj9DDkRkoyq8FS5wxo,2021-11-15,-16,14,-23,2,-24,5,https://www.gstatic.com/covid19/mobility/Global_Mobility_Report.csv,2023-07-10 00:07:58.145154+00:00
IN,India,Delhi,Central Delhi,,,,ChIJiT9nOFj9DDkRkoyq8FS5wxo,2021-11-16,-14,19,-20,5,-23,6,https://www.gstatic.com/covid19/mobility/Global_Mobility_Report.csv,2023-07-10 00:07:58.145154+00:00
IN,India,Delhi,Central Delhi,,,,ChIJiT9nOFj9DDkRkoyq8FS5wxo,2021-11-17,-15,17,-23,7,-21,6,https://www.gstatic.com/covid19/mobility/Global_Mobility_Report.csv,2023-07-10 00:07:58.145154+00:00
IN,India,Delhi,Central Delhi,,,,ChIJiT9nOFj9DDkRkoyq8FS5wxo,2021-11-18,-15,16,-22,8,-20,6,https://www.gstatic.com/covid19/mobility/Global_Mobility_Report.csv,2023-07-10 00:07:58.145154+00:00
IN,India,Delhi,Central Delhi,,,,ChIJiT9nOFj9DDkRkoyq8FS5wxo,2021-11-19,-19,7,-28,-6,-38,9,https://www.gstatic.com/covid19/mobility/Global_Mobility_Report.csv,2023-07-10 00:07:58.145154+00:00
IN,India,Delhi,Central Delhi,,,,ChIJiT9nOFj9DDkRkoyq8FS5wxo,2021-11-20,-19,13,-29,3,-15,5,https://www.gstatic.com/covid19/mobility/Global_Mobility_Report.csv,2023-07-10 00:07:58.145154+00:00
IN,India,Delhi,Central Delhi,,,,ChIJiT9nOFj9DDkRkoyq8FS5wxo,2021-11-21,-23,16,-26,9,-10,2,https://www.gstatic.com/covid19/mobility/Global_Mobility_Report.csv,2023-07-10 00:07:58.145154+00:00
IN,India,Delhi,Central Delhi,,,,ChIJiT9nOFj9DDkRkoyq8FS5wxo,2021-11-22,-16,13,-20,2,-22,5,https://www.gstatic.com/covid19/mobility/Global_Mobility_Report.csv,2023-07-10 00:07:58.145154+00:00
IN,India,Delhi,Central Delhi,,,,ChIJiT9nOFj9DDkRkoyq8FS5wxo,2021-11-23,-15,16,-21,4,-21,6,https://www.gstatic.com/covid19/mobility/Global_Mobility_Report.csv,2023-07-10 00:07:58.145154+00:00
IN,India,Delhi,Central Delhi,,,,ChIJiT9nOFj9DDkRkoyq8FS5wxo,2021-11-24,-16,15,-22,6,-20,6,https://www.gstatic.com/covid19/mobility/Global_Mobility_Report.csv,2023-07-10 00:07:58.145154+00:00
IN,India,Delhi,Central Delhi,,,,ChIJiT9nOFj9DDkRkoyq8FS5wxo,2021-11-25,-16,13,-21,4,-19,6,https://www.gstatic.com/covid19/mobility/Global_Mobility_Report.csv,2023-07-10 00:07:58.145154+00:00
IN,India,Delhi,Central Delhi,,,,ChIJiT9nOFj9DDkRkoyq8FS5wxo,2021-11-26,-16,13,-25,6,-18,6,https://www.gstatic.com/covid19/mobility/Global_Mobility_Report.csv,2023-07-10 00:07:58.145154+00:00
IN,India,Delhi,Central Delhi,,,,ChIJiT9nOFj9DDkRkoyq8FS5wxo,2021-11-27,-19,11,-29,6,-14,5,https://www.gstatic.com/covid19/mobility/Global_Mobility_Report.csv,2023-07-10 00:07:58.145154+00:00
IN,India,Delhi,Central Delhi,,,,ChIJiT9nOFj9DDkRkoyq8FS5wxo,2021-11-28,-23,16,-26,8,-7,2,https://www.gstatic.com/covid19/mobility/Global_Mobility_Report.csv,2023-07-10 00:07:58.145154+00:00
IN,India,Delhi,Central Delhi,,,,ChIJiT9nOFj9DDkRkoyq8FS5wxo,2021-11-29,-17,11,-19,1,-20,4,https://www.gstatic.com/covid19/mobility/Global_Mobility_Report.csv,2023-07-10 00:07:58.145154+00:00
IN,India,Delhi,Central Delhi,,,,ChIJiT9nOFj9DDkRkoyq8FS5wxo,2021-11-30,-16,13,-21,4,-19,5,https://www.gstatic.com/covid19/mobility/Global_Mobility_Report.csv,2023-07-10 00:07:58.145154+00:00
IN,India,Delhi,Central Delhi,,,,ChIJiT9nOFj9DDkRkoyq8FS5wxo,2021-12-01,-18,10,-22,6,-18,5,https://www.gstatic.com/covid19/mobility/Global_Mobility_Report.csv,2023-07-10 00:07:58.145154+00:00
IN,India,Delhi,Central Delhi,,,,ChIJiT9nOFj9DDkRkoyq8FS5wxo,2021-12-02,-23,3,-29,1,-17,6,https://www.gstatic.com/covid19/mobility/Global_Mobility_Report.csv,2023-07-10 00:07:58.145154+00:00
IN,India,Delhi,Central Delhi,,,,ChIJiT9nOFj9DDkRkoyq8FS5wxo,2021-12-03,-17,15,-24,6,-15,6,https://www.gstatic.com/covid19/mobility/Global_Mobility_Report.csv,2023-07-10 00:07:58.145154+00:00
IN,India,Delhi,Central Delhi,,,,ChIJiT9nOFj9DDkRkoyq8FS5wxo,2021-12-04,-19,14,-27,5,-10,5,https://www.gstatic.com/covid19/mobility/Global_Mobility_Report.csv,2023-07-10 00:07:58.145154+00:00
IN,India,Delhi,Central Delhi,,,,ChIJiT9nOFj9DDkRkoyq8FS5wxo,2021-12-05,-23,18,-23,8,-6,3,https://www.gstatic.com/covid19/mobility/Global_Mobility_Report.csv,2023-07-10 00:07:58.145154+00:00
IN,India,Delhi,Central Delhi,,,,ChIJiT9nOFj9DDkRkoyq8FS5wxo,2021-12-06,-17,13,-19,-1,-19,5,https://www.gstatic.com/covid19/mobility/Global_Mobility_Report.csv,2023-07-10 00:07:58.145154+00:00
IN,India,Delhi,Central Delhi,,,,ChIJiT9nOFj9DDkRkoyq8FS5wxo,2021-12-07,-17,15,-22,1,-17,5,https://www.gstatic.com/covid19/mobility/Global_Mobility_Report.csv,2023-07-10 00:07:58.145154+00:00
IN,India,Delhi,Central Delhi,,,,ChIJiT9nOFj9DDkRkoyq8FS5wxo,2021-12-08,-18,13,-21,2,-16,5,https://www.gstatic.com/covid19/mobility/Global_Mobility_Report.csv,2023-07-10 00:07:58.145154+00:00
IN,India,Delhi,Central Delhi,,,,ChIJiT9nOFj9DDkRkoyq8FS5wxo,2021-12-09,-18,13,-22,1,-13,6,https://www.gstatic.com/covid19/mobility/Global_Mobility_Report.csv,2023-07-10 00:07:58.145154+00:00
IN,India,Delhi,Central Delhi,,,,ChIJiT9nOFj9DDkRkoyq8FS5wxo,2021-12-10,-19,13,-20,5,-12,6,https://www.gstatic.com/covid19/mobility/Global_Mobility_Report.csv,2023-07-10 00:07:58.145154+00:00
IN,India,Delhi,Central Delhi,,,,ChIJiT9nOFj9DDkRkoyq8FS5wxo,2021-12-11,-20,12,-26,2,-11,5,https://www.gstatic.com/covid19/mobility/Global_Mobility_Report.csv,2023-07-10 00:07:58.145154+00:00
IN,India,Delhi,Central Delhi,,,,ChIJiT9nOFj9DDkRkoyq8FS5wxo,2021-12-12,-24,15,-23,5,-2,3,https://www.gstatic.com/covid19/mobility/Global_Mobility_Report.csv,2023-07-10 00:07:58.145154+00:00
IN,India,Delhi,Central Delhi,,,,ChIJiT9nOFj9DDkRkoyq8FS5wxo,2021-12-13,-20,10,-20,-3,-16,5,https://www.gstatic.com/covid19/mobility/Global_Mobility_Report.csv,2023-07-10 00:07:58.145154+00:00
IN,India,Delhi,Central Delhi,,,,ChIJiT9nOFj9DDkRkoyq8FS5wxo,2021-12-14,-20,13,-24,0,-14,6,https://www.gstatic.com/covid19/mobility/Global_Mobility_Report.csv,2023-07-10 00:07:58.145154+00:00
IN,India,Delhi,Central Delhi,,,,ChIJiT9nOFj9DDkRkoyq8FS5wxo,2021-12-15,-19,13,-19,3,-12,6,https://www.gstatic.com/covid19/mobility/Global_Mobility_Report.csv,2023-07-10 00:07:58.145154+00:00
IN,India,Delhi,Central Delhi,,,,ChIJiT9nOFj9DDkRkoyq8FS5wxo,2021-12-16,-20,12,-22,-1,-12,7,https://www.gstatic.com/covid19/mobility/Global_Mobility_Report.csv,2023-07-10 00:07:58.145154+00:00
IN,India,Delhi,Central Delhi,,,,ChIJiT9nOFj9DDkRkoyq8FS5wxo,2021-12-17,-19,13,-21,1,-10,7,https://www.gstatic.com/covid19/mobility/Global_Mobility_Report.csv,2023-07-10 00:07:58.145154+00:00
IN,India,Delhi,Central Delhi,,,,ChIJiT9nOFj9DDkRkoyq8FS5wxo,2021-12-18,-20,12,-27,1,-4,6,https://www.gstatic.com/covid19/mobility/Global_Mobility_Report.csv,2023-07-10 00:07:58.145154+00:00
IN,India,Delhi,Central Delhi,,,,ChIJiT9nOFj9DDkRkoyq8FS5wxo,2021-12-19,-21,21,-23,4,0,4,https://www.gstatic.com/covid19/mobility/Global_Mobility_Report.csv,2023-07-10 00:07:58.145154+00:00
IN,India,Delhi,Central Delhi,,,,ChIJiT9nOFj9DDkRkoyq8FS5wxo,2021-12-20,-17,15,-17,-2,-13,6,https://www.gstatic.com/covid19/mobility/Global_Mobility_Report.csv,2023-07-10 00:07:58.145154+00:00
IN,India,Delhi,Central Delhi,,,,ChIJiT9nOFj9DDkRkoyq8FS5wxo,2021-12-21,-18,17,-18,1,-12,7,https://www.gstatic.com/covid19/mobility/Global_Mobility_Report.csv,2023-07-10 00:07:58.145154+00:00
IN,India,Delhi,Central Delhi,,,,ChIJiT9nOFj9DDkRkoyq8FS5wxo,2021-12-22,-18,14,-16,3,-10,7,https://www.gstatic.com/covid19/mobility/Global_Mobility_Report.csv,2023-07-10 00:07:58.145154+00:00
IN,India,Delhi,Central Delhi,,,,ChIJiT9nOFj9DDkRkoyq8FS5wxo,2021-12-23,-18,15,-17,2,-9,7,https://www.gstatic.com/covid19/mobility/Global_Mobility_Report.csv,2023-07-10 00:07:58.145154+00:00
IN,India,Delhi,Central Delhi,,,,ChIJiT9nOFj9DDkRkoyq8FS5wxo,2021-12-24,-14,16,-14,5,-11,7,https://www.gstatic.com/covid19/mobility/Global_Mobility_Report.csv,2023-07-10 00:07:58.145154+00:00
IN,India,Delhi,Central Delhi,,,,ChIJiT9nOFj9DDkRkoyq8FS5wxo,2021-12-25,-16,10,-18,-3,-18,7,https://www.gstatic.com/covid19/mobility/Global_Mobility_Report.csv,2023-07-10 00:07:58.145154+00:00
IN,India,Delhi,Central Delhi,,,,ChIJiT9nOFj9DDkRkoyq8FS5wxo,2021-12-26,-30,8,-24,-1,2,4,https://www.gstatic.com/covid19/mobility/Global_Mobility_Report.csv,2023-07-10 00:07:58.145154+00:00
IN,India,Delhi,Central Delhi,,,,ChIJiT9nOFj9DDkRkoyq8FS5wxo,2021-12-27,-18,11,-13,-5,-15,7,https://www.gstatic.com/covid19/mobility/Global_Mobility_Report.csv,2023-07-10 00:07:58.145154+00:00
IN,India,Delhi,Central Delhi,,,,ChIJiT9nOFj9DDkRkoyq8FS5wxo,2021-12-28,-26,1,-23,-5,-14,8,https://www.gstatic.com/covid19/mobility/Global_Mobility_Report.csv,2023-07-10 00:07:58.145154+00:00
IN,India,Delhi,Central Delhi,,,,ChIJiT9nOFj9DDkRkoyq8FS5wxo,2021-12-29,-20,12,-11,3,-14,8,https://www.gstatic.com/covid19/mobility/Global_Mobility_Report.csv,2023-07-10 00:07:58.145154+00:00
IN,India,Delhi,Central Delhi,,,,ChIJiT9nOFj9DDkRkoyq8FS5wxo,2021-12-30,-24,5,-17,-3,-16,9,https://www.gstatic.com/covid19/mobility/Global_Mobility_Report.csv,2023-07-10 00:07:58.145154+00:00
IN,India,Delhi,Central Delhi,,,,ChIJiT9nOFj9DDkRkoyq8FS5wxo,2021-12-31,-19,12,-19,-6,-16,8,https://www.gstatic.com/covid19/mobility/Global_Mobility_Report.csv,2023-07-10 00:07:58.145154+00:00
IN,India,Delhi,Central Delhi,,,,ChIJiT9nOFj9DDkRkoyq8FS5wxo,2022-01-01,-31,-7,-28,-18,-20,9,https://www.gstatic.com/covid19/mobility/Global_Mobility_Report.csv,2023-07-10 00:07:58.145154+00:00
IN,India,Delhi,Central Delhi,,,,ChIJiT9nOFj9DDkRkoyq8FS5wxo,2022-01-02,-37,0,-30,-8,-5,7,https://www.gstatic.com/covid19/mobility/Global_Mobility_Report.csv,2023-07-10 00:07:58.145154+00:00
IN,India,Delhi,Central Delhi,,,,ChIJiT9nOFj9DDkRkoyq8FS5wxo,2022-01-03,-30,1,-19,-9,-18,9,https://www.gstatic.com/covid19/mobility/Global_Mobility_Report.csv,2023-07-10 00:07:58.145154+00:00
IN,India,Delhi,Central Delhi,,,,ChIJiT9nOFj9DDkRkoyq8FS5wxo,2022-01-04,-29,5,-28,-11,-19,10,https://www.gstatic.com/covid19/mobility/Global_Mobility_Report.csv,2023-07-10 00:07:58.145154+00:00
IN,India,Delhi,Central Delhi,,,,ChIJiT9nOFj9DDkRkoyq8FS5wxo,2022-01-05,-47,-26,-48,-22,-23,14,https://www.gstatic.com/covid19/mobility/Global_Mobility_Report.csv,2023-07-10 00:07:58.145154+00:00
IN,India,Delhi,Central Delhi,,,,ChIJiT9nOFj9DDkRkoyq8FS5wxo,2022-01-06,-30,7,-34,-17,-19,11,https://www.gstatic.com/covid19/mobility/Global_Mobility_Report.csv,2023-07-10 00:07:58.145154+00:00
IN,India,Delhi,Central Delhi,,,,ChIJiT9nOFj9DDkRkoyq8FS5wxo,2022-01-07,-27,14,-31,-13,-19,10,https://www.gstatic.com/covid19/mobility/Global_Mobility_Report.csv,2023-07-10 00:07:58.145154+00:00
IN,India,Delhi,Central Delhi,,,,ChIJiT9nOFj9DDkRkoyq8FS5wxo,2022-01-08,-84,-72,-80,-59,-69,26,https://www.gstatic.com/covid19/mobility/Global_Mobility_Report.csv,2023-07-10 00:07:58.145154+00:00
IN,India,Delhi,Central Delhi,,,,ChIJiT9nOFj9DDkRkoyq8FS5wxo,2022-01-09,-81,-64,-76,-54,-53,19,https://www.gstatic.com/covid19/mobility/Global_Mobility_Report.csv,2023-07-10 00:07:58.145154+00:00
IN,India,Delhi,Central Delhi,,,,ChIJiT9nOFj9DDkRkoyq8FS5wxo,2022-01-10,-28,6,-32,-24,-17,10,https://www.gstatic.com/covid19/mobility/Global_Mobility_Report.csv,2023-07-10 00:07:58.145154+00:00
IN,India,Delhi,Central Delhi,,,,ChIJiT9nOFj9DDkRkoyq8FS5wxo,2022-01-11,-33,5,-38,-23,-23,11,https://www.gstatic.com/covid19/mobility/Global_Mobility_Report.csv,2023-07-10 00:07:58.145154+00:00
IN,India,Delhi,Central Delhi,,,,ChIJiT9nOFj9DDkRkoyq8FS5wxo,2022-01-12,-34,2,-37,-23,-25,12,https://www.gstatic.com/covid19/mobility/Global_Mobility_Report.csv,2023-07-10 00:07:58.145154+00:00
IN,India,Delhi,Central Delhi,,,,ChIJiT9nOFj9DDkRkoyq8FS5wxo,2022-01-13,-35,1,-39,-26,-26,13,https://www.gstatic.com/covid19/mobility/Global_Mobility_Report.csv,2023-07-10 00:07:58.145154+00:00
IN,India,Delhi,Central Delhi,,,,ChIJiT9nOFj9DDkRkoyq8FS5wxo,2022-01-14,-35,0,-41,-28,-26,13,https://www.gstatic.com/covid19/mobility/Global_Mobility_Report.csv,2023-07-10 00:07:58.145154+00:00
IN,India,Delhi,Central Delhi,,,,ChIJiT9nOFj9DDkRkoyq8FS5wxo,2022-01-15,-78,-65,-71,-57,-58,22,https://www.gstatic.com/covid19/mobility/Global_Mobility_Report.csv,2023-07-10 00:07:58.145154+00:00
IN,India,Delhi,Central Delhi,,,,ChIJiT9nOFj9DDkRkoyq8FS5wxo,2022-01-16,-77,-60,-68,-53,-46,16,https://www.gstatic.com/covid19/mobility/Global_Mobility_Report.csv,2023-07-10 00:07:58.145154+00:00
IN,India,Delhi,Central Delhi,,,,ChIJiT9nOFj9DDkRkoyq8FS5wxo,2022-01-17,-29,5,-31,-26,-20,10,https://www.gstatic.com/covid19/mobility/Global_Mobility_Report.csv,2023-07-10 00:07:58.145154+00:00
IN,India,Delhi,Central Delhi,,,,ChIJiT9nOFj9DDkRkoyq8FS5wxo,2022-01-18,-33,1,-38,-26,-24,11,https://www.gstatic.com/covid19/mobility/Global_Mobility_Report.csv,2023-07-10 00:07:58.145154+00:00
IN,India,Delhi,Central Delhi,,,,ChIJiT9nOFj9DDkRkoyq8FS5wxo,2022-01-19,-30,0,-36,-24,-22,11,https://www.gstatic.com/covid19/mobility/Global_Mobility_Report.csv,2023-07-10 00:07:58.145154+00:00
IN,India,Delhi,Central Delhi,,,,ChIJiT9nOFj9DDkRkoyq8FS5wxo,2022-01-20,-30,1,-37,-26,-21,11,https://www.gstatic.com/covid19/mobility/Global_Mobility_Report.csv,2023-07-10 00:07:58.145154+00:00
IN,India,Delhi,Central Delhi,,,,ChIJiT9nOFj9DDkRkoyq8FS5wxo,2022-01-21,-27,7,-33,-19,-21,10,https://www.gstatic.com/covid19/mobility/Global_Mobility_Report.csv,2023-07-10 00:07:58.145154+00:00
IN,India,Delhi,Central Delhi,,,,ChIJiT9nOFj9DDkRkoyq8FS5wxo,2022-01-22,-76,-66,-72,-53,-58,20,https://www.gstatic.com/covid19/mobility/Global_Mobility_Report.csv,2023-07-10 00:07:58.145154+00:00
IN,India,Delhi,Central Delhi,,,,ChIJiT9nOFj9DDkRkoyq8FS5wxo,2022-01-23,-73,-57,-66,-50,-44,14,https://www.gstatic.com/covid19/mobility/Global_Mobility_Report.csv,2023-07-10 00:07:58.145154+00:00
IN,India,Delhi,Central Delhi,,,,ChIJiT9nOFj9DDkRkoyq8FS5wxo,2022-01-24,-24,6,-31,-25,-17,8,https://www.gstatic.com/covid19/mobility/Global_Mobility_Report.csv,2023-07-10 00:07:58.145154+00:00
IN,India,Delhi,Central Delhi,,,,ChIJiT9nOFj9DDkRkoyq8FS5wxo,2022-01-25,-30,-4,-40,-26,-22,10,https://www.gstatic.com/covid19/mobility/Global_Mobility_Report.csv,2023-07-10 00:07:58.145154+00:00
IN,India,Delhi,Central Delhi,,,,ChIJiT9nOFj9DDkRkoyq8FS5wxo,2022-01-26,-55,-45,-50,-50,-72,21,https://www.gstatic.com/covid19/mobility/Global_Mobility_Report.csv,2023-07-10 00:07:58.145154+00:00
IN,India,Delhi,Central Delhi,,,,ChIJiT9nOFj9DDkRkoyq8FS5wxo,2022-01-27,-25,10,-29,-19,-17,9,https://www.gstatic.com/covid19/mobility/Global_Mobility_Report.csv,2023-07-10 00:07:58.145154+00:00
IN,India,Delhi,Central Delhi,,,,ChIJiT9nOFj9DDkRkoyq8FS5wxo,2022-01-28,-23,9,-29,-19,-15,10,https://www.gstatic.com/covid19/mobility/Global_Mobility_Report.csv,2023-07-10 00:07:58.145154+00:00
IN,India,Delhi,Central Delhi,,,,ChIJiT9nOFj9DDkRkoyq8FS5wxo,2022-01-29,-29,-2,-38,-24,-7,8,https://www.gstatic.com/covid19/mobility/Global_Mobility_Report.csv,2023-07-10 00:07:58.145154+00:00
IN,India,Delhi,Central Delhi,,,,ChIJiT9nOFj9DDkRkoyq8FS5wxo,2022-01-30,-33,0,-38,-24,3,6,https://www.gstatic.com/covid19/mobility/Global_Mobility_Report.csv,2023-07-10 00:07:58.145154+00:00
IN,India,Delhi,Central Delhi,,,,ChIJiT9nOFj9DDkRkoyq8FS5wxo,2022-01-31,-23,5,-22,-18,-17,8,https://www.gstatic.com/covid19/mobility/Global_Mobility_Report.csv,2023-07-10 00:07:58.145154+00:00
IN,India,Delhi,Central Delhi,,,,ChIJiT9nOFj9DDkRkoyq8FS5wxo,2022-02-01,-21,11,-27,-14,-16,8,https://www.gstatic.com/covid19/mobility/Global_Mobility_Report.csv,2023-07-10 00:07:58.145154+00:00
IN,India,Delhi,Central Delhi,,,,ChIJiT9nOFj9DDkRkoyq8FS5wxo,2022-02-02,-21,10,-26,-10,-15,8,https://www.gstatic.com/covid19/mobility/Global_Mobility_Report.csv,2023-07-10 00:07:58.145154+00:00
IN,India,Delhi,Central Delhi,,,,ChIJiT9nOFj9DDkRkoyq8FS5wxo,2022-02-03,-31,-6,-38,-16,-16,10,https://www.gstatic.com/covid19/mobility/Global_Mobility_Report.csv,2023-07-10 00:07:58.145154+00:00
IN,India,Delhi,Central Delhi,,,,ChIJiT9nOFj9DDkRkoyq8FS5wxo,2022-02-04,-23,8,-30,-10,-14,9,https://www.gstatic.com/covid19/mobility/Global_Mobility_Report.csv,2023-07-10 00:07:58.145154+00:00
IN,India,Delhi,Central Delhi,,,,ChIJiT9nOFj9DDkRkoyq8FS5wxo,2022-02-05,-25,2,-34,-12,-8,6,https://www.gstatic.com/covid19/mobility/Global_Mobility_Report.csv,2023-07-10 00:07:58.145154+00:00
IN,India,Delhi,Central Delhi,,,,ChIJiT9nOFj9DDkRkoyq8FS5wxo,2022-02-06,-28,9,-29,-10,0,4,https://www.gstatic.com/covid19/mobility/Global_Mobility_Report.csv,2023-07-10 00:07:58.145154+00:00
IN,India,Delhi,Central Delhi,,,,ChIJiT9nOFj9DDkRkoyq8FS5wxo,2022-02-07,-21,6,-17,-9,-16,6,https://www.gstatic.com/covid19/mobility/Global_Mobility_Report.csv,2023-07-10 00:07:58.145154+00:00
IN,India,Delhi,Central Delhi,,,,ChIJiT9nOFj9DDkRkoyq8FS5wxo,2022-02-08,-21,9,-20,-3,-15,6,https://www.gstatic.com/covid19/mobility/Global_Mobility_Report.csv,2023-07-10 00:07:58.145154+00:00
IN,India,Delhi,Central Delhi,,,,ChIJiT9nOFj9DDkRkoyq8FS5wxo,2022-02-09,-21,6,-21,-2,-14,7,https://www.gstatic.com/covid19/mobility/Global_Mobility_Report.csv,2023-07-10 00:07:58.145154+00:00
IN,India,Delhi,Central Delhi,,,,ChIJiT9nOFj9DDkRkoyq8FS5wxo,2022-02-10,-18,12,-15,-6,-15,7,https://www.gstatic.com/covid19/mobility/Global_Mobility_Report.csv,2023-07-10 00:07:58.145154+00:00
IN,India,Delhi,Central Delhi,,,,ChIJiT9nOFj9DDkRkoyq8FS5wxo,2022-02-11,-20,9,-14,2,-12,6,https://www.gstatic.com/covid19/mobility/Global_Mobility_Report.csv,2023-07-10 00:07:58.145154+00:00
IN,India,Delhi,Central Delhi,,,,ChIJiT9nOFj9DDkRkoyq8FS5wxo,2022-02-12,-19,11,-21,-3,-9,6,https://www.gstatic.com/covid19/mobility/Global_Mobility_Report.csv,2023-07-10 00:07:58.145154+00:00
IN,India,Delhi,Central Delhi,,,,ChIJiT9nOFj9DDkRkoyq8FS5wxo,2022-02-13,-23,17,-17,0,2,3,https://www.gstatic.com/covid19/mobility/Global_Mobility_Report.csv,2023-07-10 00:07:58.145154+00:00
IN,India,Delhi,Central Delhi,,,,ChIJiT9nOFj9DDkRkoyq8FS5wxo,2022-02-14,-14,10,-7,0,-14,5,https://www.gstatic.com/covid19/mobility/Global_Mobility_Report.csv,2023-07-10 00:07:58.145154+00:00
IN,India,Delhi,Central Delhi,,,,ChIJiT9nOFj9DDkRkoyq8FS5wxo,2022-02-15,-15,15,-12,5,-13,5,https://www.gstatic.com/covid19/mobility/Global_Mobility_Report.csv,2023-07-10 00:07:58.145154+00:00
IN,India,Delhi,Central Delhi,,,,ChIJiT9nOFj9DDkRkoyq8FS5wxo,2022-02-16,-16,12,-10,5,-17,6,https://www.gstatic.com/covid19/mobility/Global_Mobility_Report.csv,2023-07-10 00:07:58.145154+00:00
IN,India,Delhi,Central Delhi,,,,ChIJiT9nOFj9DDkRkoyq8FS5wxo,2022-02-17,-16,12,-7,7,-11,5,https://www.gstatic.com/covid19/mobility/Global_Mobility_Report.csv,2023-07-10 00:07:58.145154+00:00
IN,India,Delhi,Central Delhi,,,,ChIJiT9nOFj9DDkRkoyq8FS5wxo,2022-02-18,-18,9,-10,4,-12,5,https://www.gstatic.com/covid19/mobility/Global_Mobility_Report.csv,2023-07-10 00:07:58.145154+00:00
IN,India,Delhi,Central Delhi,,,,ChIJiT9nOFj9DDkRkoyq8FS5wxo,2022-02-19,-20,7,-16,1,-4,4,https://www.gstatic.com/covid19/mobility/Global_Mobility_Report.csv,2023-07-10 00:07:58.145154+00:00
IN,India,Delhi,Central Delhi,,,,ChIJiT9nOFj9DDkRkoyq8FS5wxo,2022-02-20,-24,14,-11,4,1,3,https://www.gstatic.com/covid19/mobility/Global_Mobility_Report.csv,2023-07-10 00:07:58.145154+00:00
IN,India,Delhi,Central Delhi,,,,ChIJiT9nOFj9DDkRkoyq8FS5wxo,2022-02-21,-16,10,-2,5,-14,4,https://www.gstatic.com/covid19/mobility/Global_Mobility_Report.csv,2023-07-10 00:07:58.145154+00:00
IN,India,Delhi,Central Delhi,,,,ChIJiT9nOFj9DDkRkoyq8FS5wxo,2022-02-22,-15,13,-5,8,-12,5,https://www.gstatic.com/covid19/mobility/Global_Mobility_Report.csv,2023-07-10 00:07:58.145154+00:00
IN,India,Delhi,Central Delhi,,,,ChIJiT9nOFj9DDkRkoyq8FS5wxo,2022-02-23,-17,11,-6,9,-9,5,https://www.gstatic.com/covid19/mobility/Global_Mobility_Report.csv,2023-07-10 00:07:58.145154+00:00
IN,India,Delhi,Central Delhi,,,,ChIJiT9nOFj9DDkRkoyq8FS5wxo,2022-02-24,-19,9,-7,5,-8,6,https://www.gstatic.com/covid19/mobility/Global_Mobility_Report.csv,2023-07-10 00:07:58.145154+00:00
IN,India,Delhi,Central Delhi,,,,ChIJiT9nOFj9DDkRkoyq8FS5wxo,2022-02-25,-19,10,-7,9,-7,6,https://www.gstatic.com/covid19/mobility/Global_Mobility_Report.csv,2023-07-10 00:07:58.145154+00:00
IN,India,Delhi,Central Delhi,,,,ChIJiT9nOFj9DDkRkoyq8FS5wxo,2022-02-26,-19,10,-10,8,-2,5,https://www.gstatic.com/covid19/mobility/Global_Mobility_Report.csv,2023-07-10 00:07:58.145154+00:00
IN,India,Delhi,Central Delhi,,,,ChIJiT9nOFj9DDkRkoyq8FS5wxo,2022-02-27,-25,15,-11,5,7,3,https://www.gstatic.com/covid19/mobility/Global_Mobility_Report.csv,2023-07-10 00:07:58.145154+00:00
IN,India,Delhi,Central Delhi,,,,ChIJiT9nOFj9DDkRkoyq8FS5wxo,2022-02-28,-15,14,2,4,-11,4,https://www.gstatic.com/covid19/mobility/Global_Mobility_Report.csv,2023-07-10 00:07:58.145154+00:00
IN,India,Delhi,Central Delhi,,,,ChIJiT9nOFj9DDkRkoyq8FS5wxo,2022-03-01,-21,9,-13,-13,-30,10,https://www.gstatic.com/covid19/mobility/Global_Mobility_Report.csv,2023-07-10 00:07:58.145154+00:00
IN,India,Delhi,Central Delhi,,,,ChIJiT9nOFj9DDkRkoyq8FS5wxo,2022-03-02,-19,10,-1,9,-9,5,https://www.gstatic.com/covid19/mobility/Global_Mobility_Report.csv,2023-07-10 00:07:58.145154+00:00
IN,India,Delhi,Central Delhi,,,,ChIJiT9nOFj9DDkRkoyq8FS5wxo,2022-03-03,-21,11,-1,4,-7,5,https://www.gstatic.com/covid19/mobility/Global_Mobility_Report.csv,2023-07-10 00:07:58.145154+00:00
IN,India,Delhi,Central Delhi,,,,ChIJiT9nOFj9DDkRkoyq8FS5wxo,2022-03-04,-22,9,2,5,-7,5,https://www.gstatic.com/covid19/mobility/Global_Mobility_Report.csv,2023-07-10 00:07:58.145154+00:00
IN,India,Delhi,Central Delhi,,,,ChIJiT9nOFj9DDkRkoyq8FS5wxo,2022-03-05,-22,10,-8,5,1,4,https://www.gstatic.com/covid19/mobility/Global_Mobility_Report.csv,2023-07-10 00:07:58.145154+00:00
IN,India,Delhi,Central Delhi,,,,ChIJiT9nOFj9DDkRkoyq8FS5wxo,2022-03-06,-26,15,-8,7,6,4,https://www.gstatic.com/covid19/mobility/Global_Mobility_Report.csv,2023-07-10 00:07:58.145154+00:00
IN,India,Delhi,Central Delhi,,,,ChIJiT9nOFj9DDkRkoyq8FS5wxo,2022-03-07,-20,11,5,4,-9,5,https://www.gstatic.com/covid19/mobility/Global_Mobility_Report.csv,2023-07-10 00:07:58.145154+00:00
IN,India,Delhi,Central Delhi,,,,ChIJiT9nOFj9DDkRkoyq8FS5wxo,2022-03-08,-20,13,7,7,-8,5,https://www.gstatic.com/covid19/mobility/Global_Mobility_Report.csv,2023-07-10 00:07:58.145154+00:00
IN,India,Delhi,Central Delhi,,,,ChIJiT9nOFj9DDkRkoyq8FS5wxo,2022-03-09,-22,9,5,9,-6,5,https://www.gstatic.com/covid19/mobility/Global_Mobility_Report.csv,2023-07-10 00:07:58.145154+00:00
IN,India,Delhi,Central Delhi,,,,ChIJiT9nOFj9DDkRkoyq8FS5wxo,2022-03-10,-25,4,3,4,-5,6,https://www.gstatic.com/covid19/mobility/Global_Mobility_Report.csv,2023-07-10 00:07:58.145154+00:00
IN,India,Delhi,Central Delhi,,,,ChIJiT9nOFj9DDkRkoyq8FS5wxo,2022-03-11,-25,6,7,6,-3,6,https://www.gstatic.com/covid19/mobility/Global_Mobility_Report.csv,2023-07-10 00:07:58.145154+00:00
IN,India,Delhi,Central Delhi,,,,ChIJiT9nOFj9DDkRkoyq8FS5wxo,2022-03-12,-25,9,-1,4,-4,6,https://www.gstatic.com/covid19/mobility/Global_Mobility_Report.csv,2023-07-10 00:07:58.145154+00:00
IN,India,Delhi,Central Delhi,,,,ChIJiT9nOFj9DDkRkoyq8FS5wxo,2022-03-13,-30,13,-1,8,6,4,https://www.gstatic.com/covid19/mobility/Global_Mobility_Report.csv,2023-07-10 00:07:58.145154+00:00
IN,India,Delhi,Central Delhi,,,,ChIJiT9nOFj9DDkRkoyq8FS5wxo,2022-03-14,-26,4,10,3,-8,5,https://www.gstatic.com/covid19/mobility/Global_Mobility_Report.csv,2023-07-10 00:07:58.145154+00:00
IN,India,Delhi,Central Delhi,,,,ChIJiT9nOFj9DDkRkoyq8FS5wxo,2022-03-15,-25,6,9,8,-8,5,https://www.gstatic.com/covid19/mobility/Global_Mobility_Report.csv,2023-07-10 00:07:58.145154+00:00
IN,India,Delhi,Central Delhi,,,,ChIJiT9nOFj9DDkRkoyq8FS5wxo,2022-03-16,-26,3,15,18,-7,4,https://www.gstatic.com/covid19/mobility/Global_Mobility_Report.csv,2023-07-10 00:07:58.145154+00:00
IN,India,Delhi,Central Delhi,,,,ChIJiT9nOFj9DDkRkoyq8FS5wxo,2022-03-17,-35,-8,5,2,-19,7,https://www.gstatic.com/covid19/mobility/Global_Mobility_Report.csv,2023-07-10 00:07:58.145154+00:00
IN,India,Delhi,Central Delhi,,,,ChIJiT9nOFj9DDkRkoyq8FS5wxo,2022-03-18,-66,-64,-53,-57,-82,24,https://www.gstatic.com/covid19/mobility/Global_Mobility_Report.csv,2023-07-10 00:07:58.145154+00:00
IN,India,Delhi,Central Delhi,,,,ChIJiT9nOFj9DDkRkoyq8FS5wxo,2022-03-19,-36,-14,-15,-18,-20,8,https://www.gstatic.com/covid19/mobility/Global_Mobility_Report.csv,2023-07-10 00:07:58.145154+00:00
IN,India,Delhi,Central Delhi,,,,ChIJiT9nOFj9DDkRkoyq8FS5wxo,2022-03-20,-37,-8,-5,3,1,4,https://www.gstatic.com/covid19/mobility/Global_Mobility_Report.csv,2023-07-10 00:07:58.145154+00:00
IN,India,Delhi,Central Delhi,,,,ChIJiT9nOFj9DDkRkoyq8FS5wxo,2022-03-21,-28,-2,15,7,-10,5,https://www.gstatic.com/covid19/mobility/Global_Mobility_Report.csv,2023-07-10 00:07:58.145154+00:00
IN,India,Delhi,Central Delhi,,,,ChIJiT9nOFj9DDkRkoyq8FS5wxo,2022-03-22,-26,5,9,7,-9,5,https://www.gstatic.com/covid19/mobility/Global_Mobility_Report.csv,2023-07-10 00:07:58.145154+00:00
IN,India,Delhi,Central Delhi,,,,ChIJiT9nOFj9DDkRkoyq8FS5wxo,2022-03-23,-24,4,13,9,-6,5,https://www.gstatic.com/covid19/mobility/Global_Mobility_Report.csv,2023-07-10 00:07:58.145154+00:00
IN,India,Delhi,Central Delhi,,,,ChIJiT9nOFj9DDkRkoyq8FS5wxo,2022-03-24,-25,5,11,3,-5,6,https://www.gstatic.com/covid19/mobility/Global_Mobility_Report.csv,2023-07-10 00:07:58.145154+00:00
IN,India,Delhi,Central Delhi,,,,ChIJiT9nOFj9DDkRkoyq8FS5wxo,2022-03-25,-24,5,11,6,-4,5,https://www.gstatic.com/covid19/mobility/Global_Mobility_Report.csv,2023-07-10 00:07:58.145154+00:00
IN,India,Delhi,Central Delhi,,,,ChIJiT9nOFj9DDkRkoyq8FS5wxo,2022-03-26,-25,6,3,4,1,4,https://www.gstatic.com/covid19/mobility/Global_Mobility_Report.csv,2023-07-10 00:07:58.145154+00:00
IN,India,Delhi,Central Delhi,,,,ChIJiT9nOFj9DDkRkoyq8FS5wxo,2022-03-27,-30,7,0,6,8,3,https://www.gstatic.com/covid19/mobility/Global_Mobility_Report.csv,2023-07-10 00:07:58.145154+00:00
IN,India,Delhi,Central Delhi,,,,ChIJiT9nOFj9DDkRkoyq8FS5wxo,2022-03-28,-24,4,14,2,-7,5,https://www.gstatic.com/covid19/mobility/Global_Mobility_Report.csv,2023-07-10 00:07:58.145154+00:00
IN,India,Delhi,Central Delhi,,,,ChIJiT9nOFj9DDkRkoyq8FS5wxo,2022-03-29,-23,7,9,5,-6,5,https://www.gstatic.com/covid19/mobility/Global_Mobility_Report.csv,2023-07-10 00:07:58.145154+00:00
IN,India,Delhi,Central Delhi,,,,ChIJiT9nOFj9DDkRkoyq8FS5wxo,2022-03-30,-23,6,13,7,-4,5,https://www.gstatic.com/covid19/mobility/Global_Mobility_Report.csv,2023-07-10 00:07:58.145154+00:00
IN,India,Delhi,Central Delhi,,,,ChIJiT9nOFj9DDkRkoyq8FS5wxo,2022-03-31,-23,7,10,3,-4,5,https://www.gstatic.com/covid19/mobility/Global_Mobility_Report.csv,2023-07-10 00:07:58.145154+00:00
IN,India,Delhi,Central Delhi,,,,ChIJiT9nOFj9DDkRkoyq8FS5wxo,2022-04-01,-21,8,14,5,-3,6,https://www.gstatic.com/covid19/mobility/Global_Mobility_Report.csv,2023-07-10 00:07:58.145154+00:00
IN,India,Delhi,Central Delhi,,,,ChIJiT9nOFj9DDkRkoyq8FS5wxo,2022-04-02,-30,2,-4,-1,2,6,https://www.gstatic.com/covid19/mobility/Global_Mobility_Report.csv,2023-07-10 00:07:58.145154+00:00
IN,India,Delhi,Central Delhi,,,,ChIJiT9nOFj9DDkRkoyq8FS5wxo,2022-04-03,-34,3,-9,0,5,6,https://www.gstatic.com/covid19/mobility/Global_Mobility_Report.csv,2023-07-10 00:07:58.145154+00:00
IN,India,Delhi,Central Delhi,,,,ChIJiT9nOFj9DDkRkoyq8FS5wxo,2022-04-04,-29,-1,12,-1,-6,6,https://www.gstatic.com/covid19/mobility/Global_Mobility_Report.csv,2023-07-10 00:07:58.145154+00:00
IN,India,Delhi,Central Delhi,,,,ChIJiT9nOFj9DDkRkoyq8FS5wxo,2022-04-05,-25,0,25,4,-5,6,https://www.gstatic.com/covid19/mobility/Global_Mobility_Report.csv,2023-07-10 00:07:58.145154+00:00
IN,India,Delhi,Central Delhi,,,,ChIJiT9nOFj9DDkRkoyq8FS5wxo,2022-04-06,-28,-2,7,2,-4,7,https://www.gstatic.com/covid19/mobility/Global_Mobility_Report.csv,2023-07-10 00:07:58.145154+00:00
IN,India,Delhi,Central Delhi,,,,ChIJiT9nOFj9DDkRkoyq8FS5wxo,2022-04-07,-29,2,6,1,-3,7,https://www.gstatic.com/covid19/mobility/Global_Mobility_Report.csv,2023-07-10 00:07:58.145154+00:00
IN,India,Delhi,Central Delhi,,,,ChIJiT9nOFj9DDkRkoyq8FS5wxo,2022-04-08,-30,2,8,3,-1,7,https://www.gstatic.com/covid19/mobility/Global_Mobility_Report.csv,2023-07-10 00:07:58.145154+00:00
IN,India,Delhi,Central Delhi,,,,ChIJiT9nOFj9DDkRkoyq8FS5wxo,2022-04-09,-30,1,-7,-2,-4,8,https://www.gstatic.com/covid19/mobility/Global_Mobility_Report.csv,2023-07-10 00:07:58.145154+00:00
IN,India,Delhi,Central Delhi,,,,ChIJiT9nOFj9DDkRkoyq8FS5wxo,2022-04-10,-33,5,-6,3,2,5,https://www.gstatic.com/covid19/mobility/Global_Mobility_Report.csv,2023-07-10 00:07:58.145154+00:00
IN,India,Delhi,Central Delhi,,,,ChIJiT9nOFj9DDkRkoyq8FS5wxo,2022-04-11,-25,1,14,3,-5,5,https://www.gstatic.com/covid19/mobility/Global_Mobility_Report.csv,2023-07-10 00:07:58.145154+00:00
IN,India,Delhi,Central Delhi,,,,ChIJiT9nOFj9DDkRkoyq8FS5wxo,2022-04-12,-25,5,8,7,-5,6,https://www.gstatic.com/covid19/mobility/Global_Mobility_Report.csv,2023-07-10 00:07:58.145154+00:00
IN,India,Delhi,Central Delhi,,,,ChIJiT9nOFj9DDkRkoyq8FS5wxo,2022-04-13,-25,2,17,17,-4,5,https://www.gstatic.com/covid19/mobility/Global_Mobility_Report.csv,2023-07-10 00:07:58.145154+00:00
IN,India,Delhi,Central Delhi,,,,ChIJiT9nOFj9DDkRkoyq8FS5wxo,2022-04-14,-24,-2,4,-1,-27,9,https://www.gstatic.com/covid19/mobility/Global_Mobility_Report.csv,2023-07-10 00:07:58.145154+00:00
IN,India,Delhi,Central Delhi,,,,ChIJiT9nOFj9DDkRkoyq8FS5wxo,2022-04-15,-20,4,9,-1,-25,9,https://www.gstatic.com/covid19/mobility/Global_Mobility_Report.csv,2023-07-10 00:07:58.145154+00:00
IN,India,Delhi,Central Delhi,,,,ChIJiT9nOFj9DDkRkoyq8FS5wxo,2022-04-16,-30,-5,5,2,-4,5,https://www.gstatic.com/covid19/mobility/Global_Mobility_Report.csv,2023-07-10 00:07:58.145154+00:00
IN,India,Delhi,Central Delhi,,,,ChIJiT9nOFj9DDkRkoyq8FS5wxo,2022-04-17,-33,2,-2,10,2,4,https://www.gstatic.com/covid19/mobility/Global_Mobility_Report.csv,2023-07-10 00:07:58.145154+00:00
IN,India,Delhi,Central Delhi,,,,ChIJiT9nOFj9DDkRkoyq8FS5wxo,2022-04-18,-27,-6,19,8,-6,6,https://www.gstatic.com/covid19/mobility/Global_Mobility_Report.csv,2023-07-10 00:07:58.145154+00:00
IN,India,Delhi,Central Delhi,,,,ChIJiT9nOFj9DDkRkoyq8FS5wxo,2022-04-19,-28,-4,6,6,-6,6,https://www.gstatic.com/covid19/mobility/Global_Mobility_Report.csv,2023-07-10 00:07:58.145154+00:00
IN,India,Delhi,Central Delhi,,,,ChIJiT9nOFj9DDkRkoyq8FS5wxo,2022-04-20,-29,-7,6,8,-5,6,https://www.gstatic.com/covid19/mobility/Global_Mobility_Report.csv,2023-07-10 00:07:58.145154+00:00
IN,India,Delhi,Central Delhi,,,,ChIJiT9nOFj9DDkRkoyq8FS5wxo,2022-04-21,-28,-5,11,6,-4,6,https://www.gstatic.com/covid19/mobility/Global_Mobility_Report.csv,2023-07-10 00:07:58.145154+00:00
IN,India,Delhi,Central Delhi,,,,ChIJiT9nOFj9DDkRkoyq8FS5wxo,2022-04-22,-30,-4,12,5,-3,6,https://www.gstatic.com/covid19/mobility/Global_Mobility_Report.csv,2023-07-10 00:07:58.145154+00:00
IN,India,Delhi,Central Delhi,,,,ChIJiT9nOFj9DDkRkoyq8FS5wxo,2022-04-23,-31,-5,1,0,-1,6,https://www.gstatic.com/covid19/mobility/Global_Mobility_Report.csv,2023-07-10 00:07:58.145154+00:00
IN,India,Delhi,Central Delhi,,,,ChIJiT9nOFj9DDkRkoyq8FS5wxo,2022-04-24,-33,4,-2,4,4,5,https://www.gstatic.com/covid19/mobility/Global_Mobility_Report.csv,2023-07-10 00:07:58.145154+00:00
IN,India,Delhi,Central Delhi,,,,ChIJiT9nOFj9DDkRkoyq8FS5wxo,2022-04-25,-30,-4,16,4,-4,6,https://www.gstatic.com/covid19/mobility/Global_Mobility_Report.csv,2023-07-10 00:07:58.145154+00:00
IN,India,Delhi,Central Delhi,,,,ChIJiT9nOFj9DDkRkoyq8FS5wxo,2022-04-26,-29,0,10,5,-5,6,https://www.gstatic.com/covid19/mobility/Global_Mobility_Report.csv,2023-07-10 00:07:58.145154+00:00
IN,India,Delhi,Central Delhi,,,,ChIJiT9nOFj9DDkRkoyq8FS5wxo,2022-04-27,-29,-4,16,4,-4,6,https://www.gstatic.com/covid19/mobility/Global_Mobility_Report.csv,2023-07-10 00:07:58.145154+00:00
IN,India,Delhi,Central Delhi,,,,ChIJiT9nOFj9DDkRkoyq8FS5wxo,2022-04-28,-30,-4,13,3,-3,6,https://www.gstatic.com/covid19/mobility/Global_Mobility_Report.csv,2023-07-10 00:07:58.145154+00:00
IN,India,Delhi,Central Delhi,,,,ChIJiT9nOFj9DDkRkoyq8FS5wxo,2022-04-29,-29,-3,16,4,-4,7,https://www.gstatic.com/covid19/mobility/Global_Mobility_Report.csv,2023-07-10 00:07:58.145154+00:00
IN,India,Delhi,Central Delhi,,,,ChIJiT9nOFj9DDkRkoyq8FS5wxo,2022-04-30,-32,-5,4,5,3,5,https://www.gstatic.com/covid19/mobility/Global_Mobility_Report.csv,2023-07-10 00:07:58.145154+00:00
IN,India,Delhi,Central Delhi,,,,ChIJiT9nOFj9DDkRkoyq8FS5wxo,2022-05-01,-34,3,-3,2,3,5,https://www.gstatic.com/covid19/mobility/Global_Mobility_Report.csv,2023-07-10 00:07:58.145154+00:00
IN,India,Delhi,Central Delhi,,,,ChIJiT9nOFj9DDkRkoyq8FS5wxo,2022-05-02,-28,-4,17,-3,-9,6,https://www.gstatic.com/covid19/mobility/Global_Mobility_Report.csv,2023-07-10 00:07:58.145154+00:00
IN,India,Delhi,Central Delhi,,,,ChIJiT9nOFj9DDkRkoyq8FS5wxo,2022-05-03,-32,-15,11,-12,-41,10,https://www.gstatic.com/covid19/mobility/Global_Mobility_Report.csv,2023-07-10 00:07:58.145154+00:00
IN,India,Delhi,Central Delhi,,,,ChIJiT9nOFj9DDkRkoyq8FS5wxo,2022-05-04,-34,-15,23,7,-11,6,https://www.gstatic.com/covid19/mobility/Global_Mobility_Report.csv,2023-07-10 00:07:58.145154+00:00
IN,India,Delhi,Central Delhi,,,,ChIJiT9nOFj9DDkRkoyq8FS5wxo,2022-05-05,-30,-7,23,3,-8,6,https://www.gstatic.com/covid19/mobility/Global_Mobility_Report.csv,2023-07-10 00:07:58.145154+00:00
IN,India,Delhi,Central Delhi,,,,ChIJiT9nOFj9DDkRkoyq8FS5wxo,2022-05-06,-30,-6,18,4,-4,6,https://www.gstatic.com/covid19/mobility/Global_Mobility_Report.csv,2023-07-10 00:07:58.145154+00:00
IN,India,Delhi,Central Delhi,,,,ChIJiT9nOFj9DDkRkoyq8FS5wxo,2022-05-07,-33,-8,4,2,1,5,https://www.gstatic.com/covid19/mobility/Global_Mobility_Report.csv,2023-07-10 00:07:58.145154+00:00
IN,India,Delhi,Central Delhi,,,,ChIJiT9nOFj9DDkRkoyq8FS5wxo,2022-05-08,-34,-4,1,6,1,4,https://www.gstatic.com/covid19/mobility/Global_Mobility_Report.csv,2023-07-10 00:07:58.145154+00:00
IN,India,Delhi,Central Delhi,,,,ChIJiT9nOFj9DDkRkoyq8FS5wxo,2022-05-09,-33,-12,21,1,-7,5,https://www.gstatic.com/covid19/mobility/Global_Mobility_Report.csv,2023-07-10 00:07:58.145154+00:00
IN,India,Delhi,Central Delhi,,,,ChIJiT9nOFj9DDkRkoyq8FS5wxo,2022-05-10,-32,-8,15,4,-9,5,https://www.gstatic.com/covid19/mobility/Global_Mobility_Report.csv,2023-07-10 00:07:58.145154+00:00
IN,India,Delhi,Central Delhi,,,,ChIJiT9nOFj9DDkRkoyq8FS5wxo,2022-05-11,-33,-11,17,6,-7,5,https://www.gstatic.com/covid19/mobility/Global_Mobility_Report.csv,2023-07-10 00:07:58.145154+00:00
IN,India,Delhi,Central Delhi,,,,ChIJiT9nOFj9DDkRkoyq8FS5wxo,2022-05-12,-35,-11,17,0,-7,6,https://www.gstatic.com/covid19/mobility/Global_Mobility_Report.csv,2023-07-10 00:07:58.145154+00:00
IN,India,Delhi,Central Delhi,,,,ChIJiT9nOFj9DDkRkoyq8FS5wxo,2022-05-13,-34,-11,17,4,-5,6,https://www.gstatic.com/covid19/mobility/Global_Mobility_Report.csv,2023-07-10 00:07:58.145154+00:00
IN,India,Delhi,Central Delhi,,,,ChIJiT9nOFj9DDkRkoyq8FS5wxo,2022-05-14,-35,-12,2,-1,-6,6,https://www.gstatic.com/covid19/mobility/Global_Mobility_Report.csv,2023-07-10 00:07:58.145154+00:00
IN,India,Delhi,Central Delhi,,,,ChIJiT9nOFj9DDkRkoyq8FS5wxo,2022-05-15,-39,-10,-3,-1,-1,4,https://www.gstatic.com/covid19/mobility/Global_Mobility_Report.csv,2023-07-10 00:07:58.145154+00:00
IN,India,Delhi,Central Delhi,,,,ChIJiT9nOFj9DDkRkoyq8FS5wxo,2022-05-16,-34,-14,13,-9,-27,8,https://www.gstatic.com/covid19/mobility/Global_Mobility_Report.csv,2023-07-10 00:07:58.145154+00:00
IN,India,Delhi,Central Delhi,,,,ChIJiT9nOFj9DDkRkoyq8FS5wxo,2022-05-17,-33,-10,18,5,-8,5,https://www.gstatic.com/covid19/mobility/Global_Mobility_Report.csv,2023-07-10 00:07:58.145154+00:00
IN,India,Delhi,Central Delhi,,,,ChIJiT9nOFj9DDkRkoyq8FS5wxo,2022-05-18,-33,-12,17,4,-7,6,https://www.gstatic.com/covid19/mobility/Global_Mobility_Report.csv,2023-07-10 00:07:58.145154+00:00
IN,India,Delhi,Central Delhi,,,,ChIJiT9nOFj9DDkRkoyq8FS5wxo,2022-05-19,-35,-12,17,1,-6,6,https://www.gstatic.com/covid19/mobility/Global_Mobility_Report.csv,2023-07-10 00:07:58.145154+00:00
IN,India,Delhi,Central Delhi,,,,ChIJiT9nOFj9DDkRkoyq8FS5wxo,2022-05-20,-34,-12,18,2,-5,7,https://www.gstatic.com/covid19/mobility/Global_Mobility_Report.csv,2023-07-10 00:07:58.145154+00:00
IN,India,Delhi,Central Delhi,,,,ChIJiT9nOFj9DDkRkoyq8FS5wxo,2022-05-21,-34,-12,4,-2,0,6,https://www.gstatic.com/covid19/mobility/Global_Mobility_Report.csv,2023-07-10 00:07:58.145154+00:00
IN,India,Delhi,Central Delhi,,,,ChIJiT9nOFj9DDkRkoyq8FS5wxo,2022-05-22,-36,-5,2,0,1,5,https://www.gstatic.com/covid19/mobility/Global_Mobility_Report.csv,2023-07-10 00:07:58.145154+00:00
IN,India,Delhi,Central Delhi,,,,ChIJiT9nOFj9DDkRkoyq8FS5wxo,2022-05-23,-30,-13,21,-4,-13,7,https://www.gstatic.com/covid19/mobility/Global_Mobility_Report.csv,2023-07-10 00:07:58.145154+00:00
IN,India,Delhi,Central Delhi,,,,ChIJiT9nOFj9DDkRkoyq8FS5wxo,2022-05-24,-30,-6,22,3,-9,6,https://www.gstatic.com/covid19/mobility/Global_Mobility_Report.csv,2023-07-10 00:07:58.145154+00:00
IN,India,Delhi,Central Delhi,,,,ChIJiT9nOFj9DDkRkoyq8FS5wxo,2022-05-25,-30,-8,26,7,-6,6,https://www.gstatic.com/covid19/mobility/Global_Mobility_Report.csv,2023-07-10 00:07:58.145154+00:00
IN,India,Delhi,Central Delhi,,,,ChIJiT9nOFj9DDkRkoyq8FS5wxo,2022-05-26,-32,-9,24,2,-6,6,https://www.gstatic.com/covid19/mobility/Global_Mobility_Report.csv,2023-07-10 00:07:58.145154+00:00
IN,India,Delhi,Central Delhi,,,,ChIJiT9nOFj9DDkRkoyq8FS5wxo,2022-05-27,-32,-8,25,4,-5,6,https://www.gstatic.com/covid19/mobility/Global_Mobility_Report.csv,2023-07-10 00:07:58.145154+00:00
IN,India,Delhi,Central Delhi,,,,ChIJiT9nOFj9DDkRkoyq8FS5wxo,2022-05-28,-34,-10,8,0,-3,6,https://www.gstatic.com/covid19/mobility/Global_Mobility_Report.csv,2023-07-10 00:07:58.145154+00:00
IN,India,Delhi,Central Delhi,,,,ChIJiT9nOFj9DDkRkoyq8FS5wxo,2022-05-29,-38,-10,4,1,3,5,https://www.gstatic.com/covid19/mobility/Global_Mobility_Report.csv,2023-07-10 00:07:58.145154+00:00
IN,India,Delhi,Central Delhi,,,,ChIJiT9nOFj9DDkRkoyq8FS5wxo,2022-05-30,-34,-17,33,1,-10,6,https://www.gstatic.com/covid19/mobility/Global_Mobility_Report.csv,2023-07-10 00:07:58.145154+00:00
IN,India,Delhi,Central Delhi,,,,ChIJiT9nOFj9DDkRkoyq8FS5wxo,2022-05-31,-30,-8,25,5,-9,5,https://www.gstatic.com/covid19/mobility/Global_Mobility_Report.csv,2023-07-10 00:07:58.145154+00:00
IN,India,Delhi,Central Delhi,,,,ChIJiT9nOFj9DDkRkoyq8FS5wxo,2022-06-01,-31,-8,24,7,-9,6,https://www.gstatic.com/covid19/mobility/Global_Mobility_Report.csv,2023-07-10 00:07:58.145154+00:00
IN,India,Delhi,Central Delhi,,,,ChIJiT9nOFj9DDkRkoyq8FS5wxo,2022-06-02,-32,-8,27,5,-8,6,https://www.gstatic.com/covid19/mobility/Global_Mobility_Report.csv,2023-07-10 00:07:58.145154+00:00
IN,India,Delhi,Central Delhi,,,,ChIJiT9nOFj9DDkRkoyq8FS5wxo,2022-06-03,-32,-3,29,5,-8,7,https://www.gstatic.com/covid19/mobility/Global_Mobility_Report.csv,2023-07-10 00:07:58.145154+00:00
IN,India,Delhi,Central Delhi,,,,ChIJiT9nOFj9DDkRkoyq8FS5wxo,2022-06-04,-33,-5,13,4,-2,5,https://www.gstatic.com/covid19/mobility/Global_Mobility_Report.csv,2023-07-10 00:07:58.145154+00:00
IN,India,Delhi,Central Delhi,,,,ChIJiT9nOFj9DDkRkoyq8FS5wxo,2022-06-05,-34,-1,10,9,-1,2,https://www.gstatic.com/covid19/mobility/Global_Mobility_Report.csv,2023-07-10 00:07:58.145154+00:00
IN,India,Delhi,Central Delhi,,,,ChIJiT9nOFj9DDkRkoyq8FS5wxo,2022-06-06,-32,-8,31,5,-12,5,https://www.gstatic.com/covid19/mobility/Global_Mobility_Report.csv,2023-07-10 00:07:58.145154+00:00
IN,India,Delhi,Central Delhi,,,,ChIJiT9nOFj9DDkRkoyq8FS5wxo,2022-06-07,-31,-5,24,7,-11,5,https://www.gstatic.com/covid19/mobility/Global_Mobility_Report.csv,2023-07-10 00:07:58.145154+00:00
IN,India,Delhi,Central Delhi,,,,ChIJiT9nOFj9DDkRkoyq8FS5wxo,2022-06-08,-32,-7,26,7,-10,6,https://www.gstatic.com/covid19/mobility/Global_Mobility_Report.csv,2023-07-10 00:07:58.145154+00:00
IN,India,Delhi,Central Delhi,,,,ChIJiT9nOFj9DDkRkoyq8FS5wxo,2022-06-09,-33,-7,30,5,-10,6,https://www.gstatic.com/covid19/mobility/Global_Mobility_Report.csv,2023-07-10 00:07:58.145154+00:00
IN,India,Delhi,Central Delhi,,,,ChIJiT9nOFj9DDkRkoyq8FS5wxo,2022-06-10,-35,-8,26,8,-9,6,https://www.gstatic.com/covid19/mobility/Global_Mobility_Report.csv,2023-07-10 00:07:58.145154+00:00
IN,India,Delhi,Central Delhi,,,,ChIJiT9nOFj9DDkRkoyq8FS5wxo,2022-06-11,-37,-9,9,4,-11,6,https://www.gstatic.com/covid19/mobility/Global_Mobility_Report.csv,2023-07-10 00:07:58.145154+00:00
IN,India,Delhi,Central Delhi,,,,ChIJiT9nOFj9DDkRkoyq8FS5wxo,2022-06-12,-40,-5,9,9,-3,3,https://www.gstatic.com/covid19/mobility/Global_Mobility_Report.csv,2023-07-10 00:07:58.145154+00:00
IN,India,Delhi,Central Delhi,,,,ChIJiT9nOFj9DDkRkoyq8FS5wxo,2022-06-13,-34,-10,31,5,-13,5,https://www.gstatic.com/covid19/mobility/Global_Mobility_Report.csv,2023-07-10 00:07:58.145154+00:00
IN,India,Delhi,Central Delhi,,,,ChIJiT9nOFj9DDkRkoyq8FS5wxo,2022-06-14,-33,-5,25,10,-12,5,https://www.gstatic.com/covid19/mobility/Global_Mobility_Report.csv,2023-07-10 00:07:58.145154+00:00
IN,India,Delhi,Central Delhi,,,,ChIJiT9nOFj9DDkRkoyq8FS5wxo,2022-06-15,-33,-7,26,11,-10,6,https://www.gstatic.com/covid19/mobility/Global_Mobility_Report.csv,2023-07-10 00:07:58.145154+00:00
IN,India,Delhi,Central Delhi,,,,ChIJiT9nOFj9DDkRkoyq8FS5wxo,2022-06-16,-33,-8,23,3,-10,6,https://www.gstatic.com/covid19/mobility/Global_Mobility_Report.csv,2023-07-10 00:07:58.145154+00:00
IN,India,Delhi,Central Delhi,,,,ChIJiT9nOFj9DDkRkoyq8FS5wxo,2022-06-17,-35,-11,18,3,-9,7,https://www.gstatic.com/covid19/mobility/Global_Mobility_Report.csv,2023-07-10 00:07:58.145154+00:00
IN,India,Delhi,Central Delhi,,,,ChIJiT9nOFj9DDkRkoyq8FS5wxo,2022-06-18,-33,-3,11,-2,-4,5,https://www.gstatic.com/covid19/mobility/Global_Mobility_Report.csv,2023-07-10 00:07:58.145154+00:00
IN,India,Delhi,Central Delhi,,,,ChIJiT9nOFj9DDkRkoyq8FS5wxo,2022-06-19,-33,5,13,-1,0,3,https://www.gstatic.com/covid19/mobility/Global_Mobility_Report.csv,2023-07-10 00:07:58.145154+00:00
IN,India,Delhi,Central Delhi,,,,ChIJiT9nOFj9DDkRkoyq8FS5wxo,2022-06-20,-33,-7,27,-5,-12,5,https://www.gstatic.com/covid19/mobility/Global_Mobility_Report.csv,2023-07-10 00:07:58.145154+00:00
IN,India,Delhi,Central Delhi,,,,ChIJiT9nOFj9DDkRkoyq8FS5wxo,2022-06-21,-32,-5,23,0,-11,5,https://www.gstatic.com/covid19/mobility/Global_Mobility_Report.csv,2023-07-10 00:07:58.145154+00:00
IN,India,Delhi,Central Delhi,,,,ChIJiT9nOFj9DDkRkoyq8FS5wxo,2022-06-22,-32,-4,23,3,-9,6,https://www.gstatic.com/covid19/mobility/Global_Mobility_Report.csv,2023-07-10 00:07:58.145154+00:00
IN,India,Delhi,Central Delhi,,,,ChIJiT9nOFj9DDkRkoyq8FS5wxo,2022-06-23,-33,-6,21,1,-8,6,https://www.gstatic.com/covid19/mobility/Global_Mobility_Report.csv,2023-07-10 00:07:58.145154+00:00
IN,India,Delhi,Central Delhi,,,,ChIJiT9nOFj9DDkRkoyq8FS5wxo,2022-06-24,-32,-4,22,3,-7,6,https://www.gstatic.com/covid19/mobility/Global_Mobility_Report.csv,2023-07-10 00:07:58.145154+00:00
IN,India,Delhi,Central Delhi,,,,ChIJiT9nOFj9DDkRkoyq8FS5wxo,2022-06-25,-35,-5,12,-1,-4,5,https://www.gstatic.com/covid19/mobility/Global_Mobility_Report.csv,2023-07-10 00:07:58.145154+00:00
IN,India,Delhi,Central Delhi,,,,ChIJiT9nOFj9DDkRkoyq8FS5wxo,2022-06-26,-39,0,9,2,4,4,https://www.gstatic.com/covid19/mobility/Global_Mobility_Report.csv,2023-07-10 00:07:58.145154+00:00
IN,India,Delhi,Central Delhi,,,,ChIJiT9nOFj9DDkRkoyq8FS5wxo,2022-06-27,-34,-10,30,-1,-9,5,https://www.gstatic.com/covid19/mobility/Global_Mobility_Report.csv,2023-07-10 00:07:58.145154+00:00
IN,India,Delhi,Central Delhi,,,,ChIJiT9nOFj9DDkRkoyq8FS5wxo,2022-06-28,-35,-7,20,0,-8,6,https://www.gstatic.com/covid19/mobility/Global_Mobility_Report.csv,2023-07-10 00:07:58.145154+00:00
IN,India,Delhi,Central Delhi,,,,ChIJiT9nOFj9DDkRkoyq8FS5wxo,2022-06-29,-33,-7,23,1,-6,6,https://www.gstatic.com/covid19/mobility/Global_Mobility_Report.csv,2023-07-10 00:07:58.145154+00:00
IN,India,Delhi,Central Delhi,,,,ChIJiT9nOFj9DDkRkoyq8FS5wxo,2022-06-30,-42,-23,11,-7,-12,9,https://www.gstatic.com/covid19/mobility/Global_Mobility_Report.csv,2023-07-10 00:07:58.145154+00:00
IN,India,Delhi,Central Delhi,,,,ChIJiT9nOFj9DDkRkoyq8FS5wxo,2022-07-01,-31,-2,20,4,-2,6,https://www.gstatic.com/covid19/mobility/Global_Mobility_Report.csv,2023-07-10 00:07:58.145154+00:00
IN,India,Delhi,Central Delhi,,,,ChIJiT9nOFj9DDkRkoyq8FS5wxo,2022-07-02,-31,0,14,2,3,5,https://www.gstatic.com/covid19/mobility/Global_Mobility_Report.csv,2023-07-10 00:07:58.145154+00:00
IN,India,Delhi,Central Delhi,,,,ChIJiT9nOFj9DDkRkoyq8FS5wxo,2022-07-03,-35,4,5,3,4,5,https://www.gstatic.com/covid19/mobility/Global_Mobility_Report.csv,2023-07-10 00:07:58.145154+00:00
IN,India,Delhi,Central Delhi,,,,ChIJiT9nOFj9DDkRkoyq8FS5wxo,2022-07-04,-31,-3,28,1,-6,5,https://www.gstatic.com/covid19/mobility/Global_Mobility_Report.csv,2023-07-10 00:07:58.145154+00:00
IN,India,Delhi,Central Delhi,,,,ChIJiT9nOFj9DDkRkoyq8FS5wxo,2022-07-05,-31,-1,19,4,-5,5,https://www.gstatic.com/covid19/mobility/Global_Mobility_Report.csv,2023-07-10 00:07:58.145154+00:00
IN,India,Delhi,Central Delhi,,,,ChIJiT9nOFj9DDkRkoyq8FS5wxo,2022-07-06,-33,-4,24,3,-4,5,https://www.gstatic.com/covid19/mobility/Global_Mobility_Report.csv,2023-07-10 00:07:58.145154+00:00
IN,India,Delhi,Central Delhi,,,,ChIJiT9nOFj9DDkRkoyq8FS5wxo,2022-07-07,-32,-4,23,1,-3,5,https://www.gstatic.com/covid19/mobility/Global_Mobility_Report.csv,2023-07-10 00:07:58.145154+00:00
IN,India,Delhi,Central Delhi,,,,ChIJiT9nOFj9DDkRkoyq8FS5wxo,2022-07-08,-33,-5,27,4,-3,5,https://www.gstatic.com/covid19/mobility/Global_Mobility_Report.csv,2023-07-10 00:07:58.145154+00:00
IN,India,Delhi,Central Delhi,,,,ChIJiT9nOFj9DDkRkoyq8FS5wxo,2022-07-09,-32,0,12,-2,-6,5,https://www.gstatic.com/covid19/mobility/Global_Mobility_Report.csv,2023-07-10 00:07:58.145154+00:00
IN,India,Delhi,Central Delhi,,,,ChIJiT9nOFj9DDkRkoyq8FS5wxo,2022-07-10,-39,-7,7,-2,-7,5,https://www.gstatic.com/covid19/mobility/Global_Mobility_Report.csv,2023-07-10 00:07:58.145154+00:00
IN,India,Delhi,Central Delhi,,,,ChIJiT9nOFj9DDkRkoyq8FS5wxo,2022-07-11,-34,-14,30,-2,-13,6,https://www.gstatic.com/covid19/mobility/Global_Mobility_Report.csv,2023-07-10 00:07:58.145154+00:00
IN,India,Delhi,Central Delhi,,,,ChIJiT9nOFj9DDkRkoyq8FS5wxo,2022-07-12,-34,-9,24,1,-10,6,https://www.gstatic.com/covid19/mobility/Global_Mobility_Report.csv,2023-07-10 00:07:58.145154+00:00
IN,India,Delhi,Central Delhi,,,,ChIJiT9nOFj9DDkRkoyq8FS5wxo,2022-07-13,-33,-5,30,3,-5,5,https://www.gstatic.com/covid19/mobility/Global_Mobility_Report.csv,2023-07-10 00:07:58.145154+00:00
IN,India,Delhi,Central Delhi,,,,ChIJiT9nOFj9DDkRkoyq8FS5wxo,2022-07-14,-34,-4,31,1,-2,6,https://www.gstatic.com/covid19/mobility/Global_Mobility_Report.csv,2023-07-10 00:07:58.145154+00:00
IN,India,Delhi,Central Delhi,,,,ChIJiT9nOFj9DDkRkoyq8FS5wxo,2022-07-15,-33,-3,30,3,-1,7,https://www.gstatic.com/covid19/mobility/Global_Mobility_Report.csv,2023-07-10 00:07:58.145154+00:00
IN,India,Delhi,Central Delhi,,,,ChIJiT9nOFj9DDkRkoyq8FS5wxo,2022-07-16,-39,-17,7,-2,2,6,https://www.gstatic.com/covid19/mobility/Global_Mobility_Report.csv,2023-07-10 00:07:58.145154+00:00
IN,India,Delhi,Central Delhi,,,,ChIJiT9nOFj9DDkRkoyq8FS5wxo,2022-07-17,-35,2,7,2,4,5,https://www.gstatic.com/covid19/mobility/Global_Mobility_Report.csv,2023-07-10 00:07:58.145154+00:00
IN,India,Delhi,Central Delhi,,,,ChIJiT9nOFj9DDkRkoyq8FS5wxo,2022-07-18,-33,-5,34,0,-5,6,https://www.gstatic.com/covid19/mobility/Global_Mobility_Report.csv,2023-07-10 00:07:58.145154+00:00
IN,India,Delhi,Central Delhi,,,,ChIJiT9nOFj9DDkRkoyq8FS5wxo,2022-07-19,-30,-2,30,4,-3,10,https://www.gstatic.com/covid19/mobility/Global_Mobility_Report.csv,2023-07-10 00:07:58.145154+00:00
IN,India,Delhi,Central Delhi,,,,ChIJiT9nOFj9DDkRkoyq8FS5wxo,2022-07-20,-35,-10,29,3,-3,6,https://www.gstatic.com/covid19/mobility/Global_Mobility_Report.csv,2023-07-10 00:07:58.145154+00:00
IN,India,Delhi,Central Delhi,,,,ChIJiT9nOFj9DDkRkoyq8FS5wxo,2022-07-21,-29,1,32,3,-1,6,https://www.gstatic.com/covid19/mobility/Global_Mobility_Report.csv,2023-07-10 00:07:58.145154+00:00
IN,India,Delhi,Central Delhi,,,,ChIJiT9nOFj9DDkRkoyq8FS5wxo,2022-07-22,-31,-4,27,5,-1,7,https://www.gstatic.com/covid19/mobility/Global_Mobility_Report.csv,2023-07-10 00:07:58.145154+00:00
IN,India,Delhi,Central Delhi,,,,ChIJiT9nOFj9DDkRkoyq8FS5wxo,2022-07-23,-30,2,19,2,1,6,https://www.gstatic.com/covid19/mobility/Global_Mobility_Report.csv,2023-07-10 00:07:58.145154+00:00
IN,India,Delhi,Central Delhi,,,,ChIJiT9nOFj9DDkRkoyq8FS5wxo,2022-07-24,-40,-4,3,-1,0,6,https://www.gstatic.com/covid19/mobility/Global_Mobility_Report.csv,2023-07-10 00:07:58.145154+00:00
IN,India,Delhi,Central Delhi,,,,ChIJiT9nOFj9DDkRkoyq8FS5wxo,2022-07-25,-33,-7,41,0,-7,7,https://www.gstatic.com/covid19/mobility/Global_Mobility_Report.csv,2023-07-10 00:07:58.145154+00:00
IN,India,Delhi,Central Delhi,,,,ChIJiT9nOFj9DDkRkoyq8FS5wxo,2022-07-26,-30,-1,30,2,-6,6,https://www.gstatic.com/covid19/mobility/Global_Mobility_Report.csv,2023-07-10 00:07:58.145154+00:00
IN,India,Delhi,Central Delhi,,,,ChIJiT9nOFj9DDkRkoyq8FS5wxo,2022-07-27,-27,3,38,6,-2,6,https://www.gstatic.com/covid19/mobility/Global_Mobility_Report.csv,2023-07-10 00:07:58.145154+00:00
IN,India,Delhi,Central Delhi,,,,ChIJiT9nOFj9DDkRkoyq8FS5wxo,2022-07-28,-29,0,36,2,-2,7,https://www.gstatic.com/covid19/mobility/Global_Mobility_Report.csv,2023-07-10 00:07:58.145154+00:00
IN,India,Delhi,Central Delhi,,,,ChIJiT9nOFj9DDkRkoyq8FS5wxo,2022-07-29,-31,-5,28,4,-1,7,https://www.gstatic.com/covid19/mobility/Global_Mobility_Report.csv,2023-07-10 00:07:58.145154+00:00
IN,India,Delhi,Central Delhi,,,,ChIJiT9nOFj9DDkRkoyq8FS5wxo,2022-07-30,-28,3,15,2,4,6,https://www.gstatic.com/covid19/mobility/Global_Mobility_Report.csv,2023-07-10 00:07:58.145154+00:00
IN,India,Delhi,Central Delhi,,,,ChIJiT9nOFj9DDkRkoyq8FS5wxo,2022-07-31,-31,9,8,2,10,5,https://www.gstatic.com/covid19/mobility/Global_Mobility_Report.csv,2023-07-10 00:07:58.145154+00:00
IN,India,Delhi,Central Delhi,,,,ChIJiT9nOFj9DDkRkoyq8FS5wxo,2022-08-01,-28,2,46,2,-5,6,https://www.gstatic.com/covid19/mobility/Global_Mobility_Report.csv,2023-07-10 00:07:58.145154+00:00
IN,India,Delhi,Central Delhi,,,,ChIJiT9nOFj9DDkRkoyq8FS5wxo,2022-08-02,-23,9,34,4,-4,6,https://www.gstatic.com/covid19/mobility/Global_Mobility_Report.csv,2023-07-10 00:07:58.145154+00:00
IN,India,Delhi,Central Delhi,,,,ChIJiT9nOFj9DDkRkoyq8FS5wxo,2022-08-03,-26,5,37,7,-4,7,https://www.gstatic.com/covid19/mobility/Global_Mobility_Report.csv,2023-07-10 00:07:58.145154+00:00
IN,India,Delhi,Central Delhi,,,,ChIJiT9nOFj9DDkRkoyq8FS5wxo,2022-08-04,-26,5,35,3,-2,6,https://www.gstatic.com/covid19/mobility/Global_Mobility_Report.csv,2023-07-10 00:07:58.145154+00:00
IN,India,Delhi,Central Delhi,,,,ChIJiT9nOFj9DDkRkoyq8FS5wxo,2022-08-05,-28,0,32,7,-2,7,https://www.gstatic.com/covid19/mobility/Global_Mobility_Report.csv,2023-07-10 00:07:58.145154+00:00
IN,India,Delhi,Central Delhi,,,,ChIJiT9nOFj9DDkRkoyq8FS5wxo,2022-08-06,-24,9,23,7,3,5,https://www.gstatic.com/covid19/mobility/Global_Mobility_Report.csv,2023-07-10 00:07:58.145154+00:00
IN,India,Delhi,Central Delhi,,,,ChIJiT9nOFj9DDkRkoyq8FS5wxo,2022-08-07,-29,12,14,8,4,5,https://www.gstatic.com/covid19/mobility/Global_Mobility_Report.csv,2023-07-10 00:07:58.145154+00:00
IN,India,Delhi,Central Delhi,,,,ChIJiT9nOFj9DDkRkoyq8FS5wxo,2022-08-08,-24,5,48,6,-4,5,https://www.gstatic.com/covid19/mobility/Global_Mobility_Report.csv,2023-07-10 00:07:58.145154+00:00
IN,India,Delhi,Central Delhi,,,,ChIJiT9nOFj9DDkRkoyq8FS5wxo,2022-08-09,-23,8,25,2,-23,9,https://www.gstatic.com/covid19/mobility/Global_Mobility_Report.csv,2023-07-10 00:07:58.145154+00:00
IN,India,Delhi,Central Delhi,,,,ChIJiT9nOFj9DDkRkoyq8FS5wxo,2022-08-10,-18,12,56,28,-3,3,https://www.gstatic.com/covid19/mobility/Global_Mobility_Report.csv,2023-07-10 00:07:58.145154+00:00
